,0,1,2,3,4,5,6,7
0,-0.10637363289192436,-0.03458511529162607,0.0375163435766245,-0.031867199694517186,-0.05651315766685573,0.03953808601915606,-0.05370078466407063,0.07241060790544637
1,-0.03405506559696007,-0.032791637489094826,-0.05810142122194522,0.020114144279012838,-0.028804470551950526,-0.004479102781721167,-0.011611473951166478,0.020736561020426206
2,-0.06437799576854858,-0.012427221725041484,-0.02460002464116953,-0.011812121804428316,-0.02409528727068639,0.023003015196094507,0.004061334078191461,-0.019325104723290597
3,-0.07452239646821258,0.018484775682802164,0.1354956770301435,-0.10574572936515529,0.017651620635625306,0.1439652525604133,-0.026542000493020534,0.10086038269123757
4,-0.04923145536850787,-0.018207552908991113,-0.01954301465935433,0.017736464339486745,-0.08112850741354889,-0.04038125863836298,0.03649200959683344,-0.023008957368338048
5,-0.035507566281783955,-0.04322735462261567,0.06582181135613807,-0.07100600644168924,0.020670758509850236,0.01917021021081507,-0.008290765268805261,0.009429286989772464
6,-0.030290531553096623,-0.03293393865762161,-0.04383661554957436,-0.005049580109220236,0.01781101144151933,0.0005400414394039386,0.014713267104948906,0.0008979570182091915
7,-0.027212978803568627,0.0076397962254534275,0.04293774837175253,-0.053362204567059215,0.028068978499031758,-0.046501821695464275,-0.05258794403374485,0.030084775936551806
8,-0.03942172090542644,-0.020235666616096444,0.038826361372790906,-0.08127762815691465,0.04852816123648029,0.039865008799282856,-0.024297311951471515,-0.03095096267434051
9,-0.08490240367584057,-0.003673944686175989,0.1321523986287529,0.006199104473611986,0.15406223981892742,0.03578656825169479,-0.02525433178800695,0.02851583431510225
10,0.009462567005686399,0.007462556859323257,-0.05090383652896973,0.015868353786415504,0.055687981785001804,-0.0075809746903696615,-0.0015112972230280582,0.06618801323732292
11,-0.03388527011114493,-0.023024400486843552,0.004087630239251818,0.004652867748552311,0.009679105009639713,0.04810756578328317,0.009228747300855895,0.04516054095478481
12,-0.0728478961379462,0.12520379342031937,0.02896770331082744,0.08823482350717636,-0.062563370050394,0.0401421218335082,-0.1063165607520495,0.014860449432488496
13,0.008304992353135874,0.04642915739939002,-0.04272837378340684,0.018078650101565903,-0.041753784595420465,0.0468372092294822,0.07360711796871025,-0.03594856859006433
14,-0.05712712665888852,-0.015365851630411482,0.07892749691993708,-0.0062599305196438,0.07948493620536953,0.017988353736195315,-0.02466762570823106,-0.009242873441834332
15,-0.05045037943329957,0.004000768819367855,0.03634221670726491,-0.036754002366150014,0.09723992071110026,0.04596240041856355,-0.017692087498236857,0.013671771950461098
16,-0.005546275000605922,-0.006026273821665832,-0.027930910857565,-0.015889892511200047,0.03608370915133329,-0.01703259472089591,0.045486701851538594,-0.008784402325381389
17,-0.05432472831259092,-0.01689276823816405,0.021397084716716388,-0.06320256646474054,0.03776730081417923,-0.01752830261260825,-0.026288759875987715,0.01825087023840292
18,-0.06082190163958315,-0.008681728201950081,-0.0636741387172169,0.004145046147495852,0.0037871661255105167,-0.0336210178770087,0.0597171722644551,0.008301350847193252
19,0.011705655386279322,-0.03304578902750627,0.00081772805606062,-0.014075098323944782,-0.046801077888912905,0.028515808296727823,0.06078263910436024,-0.06544875898211536
20,0.013175555932656262,-0.04401945090399444,0.01009691787200349,-0.038369501320137604,-0.004103924302265672,0.010360484424818756,-0.0852249692032214,0.02427051120506786
21,0.03450908711438785,-0.028039707880210003,0.04612245832623917,-0.0289313193947905,-0.05421566273978034,-0.028029894671812175,0.006121741170169645,-0.0335640258089856
22,-0.05113433344782124,-0.024266243553418103,0.04009705868246919,-0.012473567464402731,-0.043898357858774786,0.11744543782790584,-0.01019858139643838,-0.023344674006750016
23,-0.053685009602515245,-0.009051681950940773,-0.08557363198548944,-0.005082361238630386,0.014067694015695027,-0.02692011306796608,0.012753946772174486,0.023989270249195314
24,-0.059907622442551794,-0.013794838648115069,-0.023701907300293798,-0.04513207420368467,0.026049086307900076,-0.02019384146465833,0.025904350395475766,0.04142539363915083
25,-0.07673783787832697,-0.0007016814781963536,0.021299367473637768,-0.06269944843067678,-0.05972741783436486,0.020817009759531584,-0.08447872363989048,0.00502955276420552
26,-0.04715110840647697,-0.03559578998477809,0.027935144196647766,-0.038961494845540935,0.07540658269451107,0.05338814384016843,-0.03653784310342738,-0.01480760639722855
27,-0.03205402921827528,0.03905005023373147,-0.029395627990552002,0.021055515232610216,-0.0446853284742872,-0.036788915310423595,0.042019114185398374,-0.020023665901231967
28,-0.049198765743490885,-0.009317399486029084,-0.000690687504012057,-0.034827304044915755,0.07357848995668584,0.02862385514154306,0.023809391977548736,0.005923601281279015
29,-0.02311499427044368,-0.032440068844604306,-0.010682424406052209,0.015067198229670986,-0.04849199307703603,-0.006975069785453683,-0.005891436104965813,0.028111762437494168
30,-0.06728185394242983,0.016110262705801955,-0.015757754023075093,-0.01901186724904791,0.023367896864181784,-0.0020093598405311096,-0.021675052284835024,0.005209166579164657
31,-0.03833351896102747,-0.01572303525380302,0.06400906748942872,-0.03768789084684835,0.0564797660889669,0.07311497692206256,-0.030036439707999987,0.06037769330162417
32,-0.049711916200818086,0.009922840128559226,-0.0072942540820674735,-0.05393260856336491,0.01810680793029503,-0.004438509600469953,0.00712694641515723,-0.04935402244172634
33,-0.06393039513640608,-0.02303901950860872,-0.01758631879308045,0.005294979532539093,0.0595055122637045,0.03246357233563129,0.010174439402427002,0.05736425657193944
34,-0.042707617334837494,-0.05273139702772363,0.013797053299374243,-0.021654695213972557,0.039105602506758465,0.06440000762005847,-0.020786439334995577,0.04415194039534003
35,-0.026913653628226484,-0.005786007183320642,-0.022368178424709746,-0.014053745719243317,0.02585767808141278,0.09822414710368099,0.06473734034636384,0.024217767460896246
36,-0.015956163319423594,-0.005393060541964156,0.0064986181099667755,0.00237185012336034,0.04432836037054901,0.04254804459521991,0.02500949605284488,-0.01559340538022047
37,0.045310325991433205,0.017088208511809016,-0.033923730332008496,0.009388822392629935,-0.0403737323670683,-0.026852193890976667,-0.0791482510841953,-0.06023323826148066
38,0.021955109198000738,0.07114041209224614,-0.04344954980551154,0.040257663228154314,-0.015008343344241672,-0.11117584031003425,-0.07053459691339291,0.0219964074391648
39,-0.01703038916805691,-0.048404334089082575,0.0189537997350059,-0.011616032473640292,0.06448961076277519,-0.010896532526931863,0.038575716255677496,-0.04016219740850003
40,0.02819056822966487,-0.0051990637284421515,-0.05096401216708669,0.013135493490652827,0.04620975228977012,0.047831087206034205,-0.015416786330061024,-0.0125958846117513
41,-0.004111219595131091,0.0020738658603623285,0.02999028075365526,-0.08312759112833586,0.06923541870204498,-0.05229578018571097,0.01447385007908489,-0.08048246505084049
42,-0.08588939114036419,0.07506432335045882,0.013541003639098171,0.057756706847518484,-0.029716687253882726,0.13161554039181442,-0.005424999610801466,0.059233879899794964
43,-0.014970020212136542,-0.02590223120236126,0.01211314879364139,-0.038212702661941836,0.04411706235111787,0.022131251323883508,-0.012733898185592741,0.027527666956517413
44,-0.002015203821039975,-0.041931564798960395,-0.009707270338177833,-0.02603577257843389,0.0802314302076669,0.03416372970876656,0.011357570703693403,-0.01230507670043203
45,-0.06265012365730027,-0.03562492064898351,-0.0009344678218158337,-0.0017627260999181008,-0.012530386596187153,0.04036321315180551,0.058141596139895946,-0.00915742592618445
46,0.05398195731190197,0.003772435039676149,0.02011186008826043,-0.024824594463969993,-0.016509875974920485,0.04704186046761085,0.05114714068611868,-0.003971711029276407
47,-0.02520452620318739,-0.032588831110519426,0.03189019382941393,-0.06301378616338932,0.04676815042913334,0.027212475689654875,0.010854154730082128,-0.03394002650877367
48,0.01610093953324883,-0.05638703182962473,0.02385456299445071,-0.00808038011790344,0.014980630034149957,-0.025343692224765006,0.0221727570690583,-0.021137337170204672
49,0.023153342887120967,0.019286176107318056,-0.04773639318587903,-0.0010977996305776216,0.02705237348755645,0.03504160350150575,-0.024360723730483775,-0.06861100335601547
50,0.04724184565766177,0.01924490157109099,-0.028904906456595228,0.013852657269621508,0.002251582678333014,-0.010734530386322617,0.026128154123918307,0.05257313150726429
51,0.02882427244731346,-0.04225336346782872,-0.012785412697298599,0.04562334249316692,0.02104251762449473,-0.019105323834794647,-0.006040681587312153,0.018478808099475056
52,0.04049726393753789,-0.010981517696339765,-0.009651240917617819,0.006322562607192077,-0.011725001343829734,0.03236461765034628,0.025945948510724084,0.02596025306678533
53,-0.033605767002823396,0.0073243112886502825,-0.016680077180406837,-0.016420093772630748,-0.04432217970992685,-0.005971062814970547,-0.05035051968389883,0.024192811665382005
54,0.005077088820370301,-0.013090419289096804,-0.04243062782166552,-0.002564742037518981,0.05455171592514932,-0.006351711602750333,0.035332799068290364,-0.0072470034500125
55,0.04200214954412963,0.01736937848677458,-0.014555193282628352,-0.02915446186218278,-0.04160152424941472,0.06514294412849383,0.07186945891599213,0.022878851858373066
56,-0.05308264129853132,-0.008012223049452715,-0.03966597157886064,-0.01564303260705708,-0.015441572390873208,0.0048228686752950466,0.027162062017744435,0.022182781760817047
57,-0.028000661498830397,-0.014861136099707958,0.008121004432948149,-0.03493507895937244,0.03742854097581536,0.016351264036218952,-0.056999030869692574,0.005868500821796753
58,0.04860384989845841,0.012911118281474279,-0.022391188793619395,0.014508509287490163,-0.021391142641255335,-0.011071135615938296,-0.004950024453927133,0.07479928885490726
59,0.03695198297251528,-0.05417571876991898,0.07152184226099131,-0.05781514222912172,-0.019377761394328414,0.01106766938881323,0.1030148592823546,0.0243313602843493
60,0.03979927454262203,0.04247409934676304,0.02931490525089477,-0.0795712785331464,-0.0902460348372827,0.06103907684326984,-0.10627223910289432,0.07105243319011145
61,0.04005218546325077,0.06710222862692414,0.03112659607050957,-0.09195047616008863,-0.021946914028303868,-0.02270360070323152,0.030384067743579518,0.00528558811055703
62,-0.0589168465340923,0.012588747340104296,0.06273564826342944,0.022532726210913043,0.040393133608423296,-0.029451763373834757,0.022343187660643422,-0.0265979784715462
63,0.03821339000414275,0.06484880801452575,0.03503417267024011,0.006576048943834302,-0.07721127735387144,0.07902737825282953,-0.0929024730873925,-0.034415185031869286
64,-0.022009600195323886,0.0026897583139924735,0.019818131093385774,-0.053174859074640014,0.06681476576703331,-0.021410292602615153,0.042000937173052276,-0.020021012967620842
65,-0.021836965860029738,0.001467847380044456,-0.002355706308525583,-0.06483991110737944,0.0410293880362033,-0.019900897652237716,-0.01097898218983911,-0.028859158198559703
66,0.03545084332171967,0.05004099225716089,0.023191166061705574,-0.06009962649835719,0.03448889330004033,-0.030440581483207458,0.008085328027181931,-0.0047685166035020005
67,0.041857324077515946,0.00040411175897005057,-0.011096186152159248,0.013706362763619829,-0.012640920875949284,0.012679319589555385,0.13244100207479373,-0.02960883004489396
68,-0.041786863752311644,0.05030245823261085,0.13821887513569822,0.1414245077426772,0.026696219076121235,0.12541460246290395,0.06139303789931362,-0.09244665462910673
69,0.03650781897817184,-0.02427556962258745,-0.011988266523169436,-0.010689157706716001,-0.043708734287039065,-0.009538542096454161,0.07812747674790353,-0.015446942819800228
70,-0.03244866103816271,-0.01187539983258056,-0.06340819691548373,0.023776663072080678,-0.014655741398054367,-0.022019003258731806,0.020937824568592316,0.02857112123004768
71,-0.005785285688321699,0.04712686334830835,0.18692609705161498,0.12820253659679415,-0.016907884142876063,-0.0569691786318066,0.005604042368595038,0.14127408891369214
72,-0.07054241231226357,-0.00925978829063465,0.02160161581769003,0.01154306180456656,0.06740378205313184,0.009970525532459444,-0.007728079293108359,0.048962641169540494
73,-0.007883729883963804,-0.06812260034817079,0.025025529024170788,-0.0010383496228678192,0.026331539799204922,-0.037416250490374725,-0.03341926423952509,0.03145376683963946
74,0.027058376666527016,-0.02760403081538243,-0.006875452795927207,0.010719264904639371,0.005389876540130242,-0.005984126255659289,-0.042402108223397586,-0.02877612151485067
75,-0.015380720164994066,0.0113254396086315,-0.028217827352856318,0.0027396436398774747,-0.03538029914614041,-0.013238016053951902,0.08938598126709478,-0.04939735730530143
76,0.00932345409053699,-0.00969994469174857,0.05000894175708477,-0.0659898350709273,-0.10417460653573082,-0.026606554517312225,-0.02635230348650106,0.012680880919698871
77,-0.07203216837735996,-0.013416236794076867,0.01985311215063721,0.0052211747347355964,-0.053231575496585186,0.026343091032505282,-0.019902391146895133,0.05524158487958113
78,-0.10671214102292959,0.08065372646261211,0.028007268890565214,-0.06252157630341906,-0.08743039342166528,0.15482469903696736,-0.03680136765417873,0.04362771484302449
79,0.021614364575324542,-0.017563082453154195,-0.004958780211032793,-0.011640721588911968,0.007835250890764162,-0.011347168120114867,-0.022116906178700987,0.000380637779713535
80,0.021525692110352476,0.04572031301180855,0.02233007072526773,-0.05881086251230416,0.03873640695698813,-0.05493877828549373,-0.026789395316537044,-0.0029264802994952662
81,-0.01901140811749475,-0.03492220459688945,0.03773357766611713,-0.02928681055063745,0.0038971534219951454,0.032333136413665316,-0.000627499998449822,-0.024034559521579908
82,-0.12946864033357755,-0.0017681498371258182,-0.027912680537593135,0.0157558575567146,-0.0010115359459255356,-0.06233716977673289,-0.017969659662737628,0.007386052879795018
83,-0.05147365608760208,0.06426619485862403,0.006635661753750699,0.009578690919922677,-0.013080756833336668,-0.06035964790094514,-0.045195514001206125,-0.007618150962340265
84,0.025970791142185673,-0.007124787685294091,-0.0016403174471478394,-0.027219055030035112,-0.003277251383163179,0.053235473497550465,-0.033553478741248075,-0.047647177344233495
85,-0.03377130144823604,0.01306426903274443,-0.03679774988745761,-0.01094321509768157,-0.029974258200650833,0.03043818265574277,-0.011384764507965656,0.012428975167919569
86,0.0031554297342961724,0.0588544060111348,-0.02459064986797004,-0.009845090829519275,-0.02740000273288437,0.03054532201480591,0.0018636405681593583,-0.11164451474901466
87,-0.04195603398249643,-0.015467271608154358,-0.04702787561915057,0.004277064405960476,0.03141882845495934,0.05370284120121911,0.005647399318372497,0.012560347892863194
88,0.013095544580493182,0.02977936152134834,4.36266875363472e-05,0.0010069180311132713,0.02859518394635502,0.021097757862520758,-0.023715819685524574,-0.031424508042159446
89,-0.014586719884245196,-0.024700556051210413,0.019312109983405705,-0.01278740724637992,-0.058753125011697264,0.01659042317472625,-0.03535089280746011,-0.008824191846466052
90,0.024799213240259375,0.02070978862513656,-0.041104788529829704,0.006038475745324805,0.016975006767745094,-0.007578010600970331,-0.022886782222738444,0.06637049090518932
91,0.0016652598954393857,0.012816620093877604,-0.02360638175888167,0.0021025879196762756,-0.02226728146848519,0.0054277914323643895,0.07253372358555357,-0.039776769783057775
92,0.02761569920810101,-0.04174805223602972,-0.02598179446913407,0.06699055784634096,-0.004723839670999596,-0.03519764806560912,0.008414663673315623,-0.04792195031699784
93,0.023590024011489203,-0.0067940674683816945,-0.02208849547547143,-0.022183862974776643,-0.008033824681827537,-0.017944711119366727,0.001876437616840178,-0.027307862135848553
94,-0.03464226777512614,-0.01796787293217729,0.012748253654059509,-0.0053570622462202405,0.0006563105939324252,-0.014083550009034506,0.055931239339217675,-0.07067305035492713
95,-0.04445140966965674,0.02458982633803167,-0.044996093324685946,0.016710492753242958,-0.014085125300175342,0.04810523097028842,-0.020338215362296908,0.02205275893263906
96,0.030646018935011256,0.006551589788418258,-0.0017787258110854888,-0.024101232447000104,-0.04045187775598752,-0.03535423359802666,-0.08635054006273452,-0.0050693654167740755
97,0.042323331142847975,0.03497781193838147,0.03725321972484816,-0.015984493927900398,0.030986602893043537,-0.11198991436456959,-0.02385248746240595,0.06331843018514671
98,0.021199061946699474,-0.06688756521212744,0.035016501515275474,0.0007891418612016317,-0.0033353295492101007,-0.007940477751912265,0.02526980611396453,0.015981669714041007
99,-0.008750188106939505,0.01588817455872674,0.0038765664334086047,-0.008805572514588184,0.02339683148321715,-0.019513168362374097,-0.03644618646754119,-0.057082507992214655
100,0.009290015079522974,0.029711733694536443,-0.03783096642290676,-7.513021316742643e-05,0.059216563455950784,-0.02029946752967271,0.02936813776770647,-0.010674654741675825
101,0.04979419839378303,-0.0012444403859100616,0.07291307648971906,-0.10189984327043597,-0.019028483490728162,-0.0332701563691796,-0.03812193344457622,0.07270880392887515
102,0.04268716558526112,0.021780066551039055,-0.043098187221689496,0.004256310651678896,0.042848103119939245,0.013412924739076019,-0.04064445108816733,-0.053744698512683466
103,0.020777572397305405,0.008194053721796348,0.02696359168801081,-0.026448989910609812,0.021499212294932585,-0.017352754151606534,0.02030099601010226,-0.08404686068839717
104,0.03736444342692963,0.03695938444317868,0.011260975777022373,-0.03129034079502059,-0.027977675685238672,0.015532639713184642,-0.06584958117621191,0.004316309579465149
105,-0.04865971160559779,-0.05284057103533263,0.08052329742564836,-0.05944548179958543,0.02880039857672578,-0.049774435289926436,-0.022989711311034243,-0.006412413870608253
106,0.005001616762441818,0.0035109282040206003,0.02772629058653443,-0.04757143762799622,0.02619479648443936,-0.048045707343109346,-0.0016653231021938543,-0.0656412166395374
107,0.03450576271996276,-0.027352153787175783,-0.02743766485467398,0.0031031968184904763,0.042195357381483,0.027381675165735423,-0.026961460801281294,-0.03393239614202697
108,-0.14016349680746013,0.013042134982711083,0.007294575082559609,-0.026300849757714708,-0.05099461614506659,0.023477021141177355,-0.02858663969694024,0.004160891832262761
109,0.02081736840029057,-0.0044755472440572526,0.020211082777472716,-0.01451787372971922,0.06833619785797883,-0.014494400021409606,0.1167535317121831,0.007402711835093219
110,0.03177082113057772,0.029264365992197627,0.05528508726935235,-0.03304101023790144,-0.0348031677927059,-0.0338940405176094,0.08677811999108503,0.05159782249270182
111,0.0029101599483763443,0.04650836703751719,0.035154858508651424,0.00379861711647908,-0.01661180744175536,-0.05364471384190338,0.02038525391542835,-0.048643468166119246
112,-0.043888510659671504,0.025018050703783642,0.08879123787214778,0.17379354346999973,0.02644470529504932,0.010780418137326043,-0.040667537737583886,-0.025192906020244623
113,0.01662911562058877,0.04460076056728375,0.05894166331466515,-0.03269762348905072,-0.013854596930923621,-0.06345690805578513,-0.04491361645650766,0.011910543274081174
114,0.01700370027001287,-0.045862176533804734,0.07396440361937125,-0.06468623032388669,0.012712616993808365,-0.0273861700599374,0.05022137567024496,0.011847875974964886
115,0.0193724250592969,-0.0031637729527950295,0.015670522742486474,-0.006574731076943682,0.0429214077286999,-0.04675366740424346,0.02751632902729844,0.03637818284772091
116,0.01850117544313384,0.022928201050696265,0.10108613946917512,0.07562931576426012,-0.0465570522071289,-0.08465797262179083,0.10644333910494524,-0.03145485216533947
117,-0.04093450398716742,-0.0337769898979675,0.02421311410439258,-0.06045705555870407,0.023263978456900865,1.3785872077811353e-05,0.007295623997293273,-0.02416879456591524
118,-0.06218918574249071,-0.007762899745127281,0.04253061116415629,-0.02977087719145069,0.05557312869638918,-0.026566724776969617,0.01031941638941176,-0.009912632550127117
119,0.010580282677018235,0.03941848568355649,-0.07072168734363656,-0.010395343100108888,-0.05468135843760708,0.16942918528213705,0.05683991409781931,0.057916143040738756
120,0.02188925047483871,-0.08727670727467879,0.03764459239033195,-0.007668190586757697,-0.00759839150768757,0.010026404420872844,0.04372914790373861,-0.035637176757630354
121,-0.03806345164902015,0.008172125082333991,-0.02165185673962954,-0.009046923515722682,-0.04103029364184003,-0.020234851342656034,0.0034646800805707865,-0.0033925138077928055
122,-0.12758573924193306,0.0836534193575047,0.013133403083843717,-0.056306437301380345,-0.1409856968594733,-0.03767672012351986,-0.015008759042634443,-0.01860138755414607
123,0.0013919211957207774,-0.06573511724569413,0.00802621970003573,-0.03068778810230003,-0.05143738964763556,-0.006377155709946352,-0.05929296378886707,-0.026241521729377878
124,0.016921554675572763,-0.032656793454492614,0.0067272854821419014,0.08592586422317366,0.012940659289266894,-0.016213856204086222,-0.0019620984199663245,-0.062158409598565216
125,0.03067227586476015,-0.03723562226171719,-0.01881165227386949,0.014227727438675718,0.014952010826170387,-0.032213821045876743,-0.0406729373190295,0.04719215565472998
126,0.008795614421702175,0.004159944856376358,-0.03931341461436444,-0.028237892504676225,0.08701544233132288,0.03657754237908806,0.02569382387602079,-0.01680201031223657
127,-0.018088229175868647,0.009046248517599248,-0.05908928321282635,0.04654894902363975,-0.03928318635134882,0.02601283806839927,-0.036464805096874525,-0.01462162360688305
128,-0.017214647917769523,-0.016620344899687032,0.023396986149920463,-0.02729302942946846,-0.06541824761026402,-0.03179656049339576,-0.021781977940716454,-0.04116649403105051
129,-0.05348261476964704,-0.006784409484210857,-0.03510766097044894,-0.017994519968820205,0.029377137408866476,0.010252221959957241,-0.04272618833469218,-0.0396693980248986
130,0.018436732048695916,-0.040010847748108716,0.02946040621944742,-0.038123897536536354,-0.03683385195166705,0.038778046716074356,-0.0073928507225442105,0.06049264945494511
131,-0.02069612927642862,-0.02843929466513187,-0.013425103368596996,-0.02664189813038125,0.008072916764816526,-0.024426158982410507,0.021280357757205735,-0.05089636835625206
132,-0.011868600799608962,0.0064668628562209625,-0.037469383354946234,-0.027972097087142277,0.018614145445634226,0.032755750371375465,-0.03829684085518074,-0.025288660142247444
133,0.0038058927617794875,-0.04971009847227837,-0.019093934304730883,0.0032392973219485333,-0.046503739836651896,0.003349732646392881,-0.027039278313885834,-0.03769281206272285
134,-0.025585825034979963,-0.00182259367315249,-0.048462315439065956,-0.003909220800816371,0.02281642819913673,-0.01718361558084817,0.025419268800301036,0.02063166100497957
135,0.02344547348217365,0.021319105689220515,-0.02051804465781029,-0.014824069295971864,0.054807100220581925,-0.006176471497034222,0.048317890072134294,-0.019457349020410526
136,0.025394407598190397,0.01188545320426645,0.008920762415146954,0.007888980895379054,-0.0017380473816666236,-0.118160236495347,-0.07730727945214311,-0.05875341664807272
137,0.035244413615969236,-0.03292524886259769,-0.010974258538811616,-0.006460528484999621,-0.0161907890275241,0.008703723601060092,-0.032940505517752634,-0.08650309171601343
138,-0.025794878774718238,0.06915475700632503,0.0019421884245548187,-0.014219426706544809,-0.10178578174720763,0.030045606297892713,0.05937736452853089,0.0075115052658437246
139,0.01729134421387175,-0.01937220058493546,0.03842811192749248,-0.02439852968064627,-0.06709138886886917,-0.07605675757668458,-0.009575341353931737,-0.09960420005671868
140,0.05242488551611597,-0.048884570376343174,0.030127186668639828,-0.01904704011073421,-0.033478038520042,0.025620476618752646,-0.024928107374101033,0.0828995546049066
141,-0.01602485689087095,0.0022184304425877186,-0.013962528363963942,0.0044682555232870395,-0.014596352209693398,-0.018498462604299926,-0.016599379759634516,0.024105921446219602
142,0.028604446106601168,0.009414503741318317,0.009441796922197807,-0.04723069690971764,-0.0007461449958911834,-0.04317832702002203,-0.053483056979115394,-0.0020869171742877793
143,0.019693644609090625,-0.03559698472707086,-0.003001950762339617,-0.009462922269361924,-0.00041694399755560227,0.06540701660484954,0.01493439386713568,0.0076866725232909335
144,0.04524366485230289,-0.030743472766425563,0.0058748823462770735,0.050795284462749404,-0.004323897004527337,-0.025000310817083732,0.003742328106446509,-0.02582132149409469
145,0.005152577892331626,-0.005132988902494876,0.08210943943542627,-0.0222842576790133,-0.0477357505050644,-0.02261699600098921,-0.022431494603017195,0.13038256503126344
146,-0.013307928565927381,0.03230811356921021,0.03340516625214563,-0.06401902738426006,-0.03722603349564686,0.18391004418558288,-0.043295571109467905,0.014151739482979745
147,0.00032748693989859297,0.03950351292844757,0.014845377591828388,0.06848618002781766,-0.026133787411510935,0.030641245089498052,-0.05492939441949962,0.03475796691221598
148,-0.0009484373950483265,-0.04971532532667316,-0.0016647283425805389,0.002025500889906828,-0.02477152872650193,0.003350708568626235,0.00947299703435363,-0.06362568009529038
149,0.03203101947329505,-0.04251012531626898,-0.02688769137106686,0.05270624982548811,0.019229046915280032,-0.009188577480197219,-0.030264516280475905,0.020944171651413518
150,0.029844583643612276,0.04404170027051098,-0.022177605348079103,-0.06654943295362953,-0.05646540501684087,0.05053305483802608,-0.051629978848269885,-0.005070793912084075
151,-0.007584372542145214,0.05274355925841469,0.1298416761934917,0.03889805031798743,0.08720040177920681,0.012805977128699523,-0.0018642881522784027,0.018678049786593046
152,-0.0682083677009083,0.13179692328251427,0.2208571068866486,0.27850549958826915,-0.006517966459732022,0.05739991180285857,-0.02414998922793655,-0.048947496824884314
153,0.040747351747978444,-0.030608321592386613,0.014403252233618737,-0.029305805880389148,-0.060639899580251115,0.020065044380231038,0.052334748301520184,-0.01815590741602191
154,0.012241435472633344,-0.023785359008605463,0.015250625916437664,-0.01675818214704883,-0.024586571596984803,0.08173559188999477,0.09313441934022643,0.024645790494534095
155,0.02795282871960883,-0.0077158210087722185,-0.007344119769630656,-0.002854881765869559,0.01120677657169107,0.040901172360919454,-0.034566131053780286,-0.017920114641296492
156,-0.04691350555835261,0.010264106483148022,-0.0011325718850937589,-0.006977270402167686,-0.03830366893996209,-0.046952333207835144,-0.0016219694614627482,-0.03705764578498582
157,0.012392051298221105,0.019728472041318664,-0.05786144789582155,0.0504055526435774,-0.01655669211167229,0.00855377189610051,-0.1009214288865218,-0.06280560101163642
158,0.03257353561703182,-0.061962585779081134,0.011035687145403103,0.009342228785911972,-0.013994070912158148,-0.021378518198610006,-0.006061741697216769,-0.00038602526489106705
159,0.045815942624467774,-0.054891987367558924,0.013414136806304195,0.04347298261396076,-0.0014243876315260474,-0.007667743044690402,0.028188452859974043,0.0465452471814048
160,0.01847426086618452,0.04883372317321406,0.014463821225471093,-0.036716107117172464,-0.033531603534969034,0.01191777967088322,0.009866624636166972,0.02511261681452452
161,-0.03312960560204865,0.014948286678192422,-0.04283980291532487,0.043478613552282185,-0.11022280659872787,0.010859828947293001,0.0530494880890291,-0.016938926381075144
162,-0.07336016105379808,-0.03393993484543198,-0.030875900900741656,-0.01758370153050248,-0.0041270642417218124,0.0048916982500583584,-0.014320068250663546,0.0016346563998346376
163,0.015274164603892032,0.03396099644547655,0.027233363006032,-0.014947226407276682,0.031188058288598393,-0.06536419698618222,0.03248974760450068,0.03330058884291362
164,-0.06566583222188642,-0.01503755804756788,-0.07248097653236253,0.02581322525146392,-0.018718914116484037,0.03396292046837654,0.0021123722197072627,0.0381821395810157
165,0.036627190070778554,-0.016464740903889483,-0.05280190646967497,0.021098569624827857,0.002145146023353537,0.004732657970047097,-0.012021109963096164,0.019791079954716153
166,0.0338883947341002,-0.09904947153884375,0.05172773247266338,0.0049447251729009345,-0.0284435935663236,-0.06585689531882048,0.04934850526785634,-0.00027876780460087515
167,-0.010849251912558686,0.0113901444882204,-0.03752348136178082,0.02069056248019516,-0.03298391105669606,0.01449612591109011,-0.012154268709495335,-0.023496650087226265
168,-0.06241090449213098,0.019621038705026114,-0.013264255990482709,0.020324201172791503,0.022228785245667695,-0.08710738831553014,0.003648503250811005,0.022200647631974588
169,0.020119159659055343,-0.02749253806551582,-0.02752540397980625,-0.007451002361513958,-0.024171863073538705,-0.035083136571693645,-0.06624834702239127,-0.025594901522599568
170,0.024613725599980138,-0.04421047397239069,0.010151844810622274,-0.026463733105131008,-0.06794805267390144,0.01501130732376641,0.02381088756407317,-0.06270200901020201
171,0.009775808537480753,-0.0017175755785131894,-0.026947922078702946,-0.00012498200395966868,0.032043723311936174,-0.006201291593140532,0.0633574040720617,-0.007006387046347835
172,-0.04161299946854853,-0.07240271786937974,0.03417058107834387,-0.04010471468452086,-0.03167600056322076,-0.010306184784256715,-0.0265529675780576,-0.024466956291147087
173,0.039452694154399615,0.02157566030607297,0.04361101949016939,-0.017948175774291506,-0.07704206475091281,-0.06421155592736663,0.052236481911979375,-0.010184190191761599
174,0.06283161621599376,0.0255838156459349,-0.002043255391309999,-0.027832929237325863,-0.06281449893605634,0.02099327922163289,-0.03985889840777237,0.012760788162038322
175,0.06059723546704402,-0.01625726526790279,0.03432303299237558,-0.022281987703722556,-0.035327964319870786,-0.0015069086906002362,0.01398009118686832,0.0732100016647389
176,-0.011092724708197804,0.08772695081191259,0.13946348635416647,0.12552560632444595,0.0002409162093679213,-0.009447771312501683,0.025910235882167204,0.03633181919859801
177,-0.03684912788366322,-0.01219183300061383,0.009165752688635308,0.01842586137820827,0.02159342414063154,0.007281345008372279,0.008870712932823972,-0.05828793563109802
178,0.061999040618760576,0.004793465876920536,-0.06289737976264413,0.05846928530721207,0.04263109166032182,-0.002109835164971954,-0.012380611797134322,0.04030599166951638
179,0.03468638331787245,-0.05656253787454127,0.023160391538673483,0.03163684921351801,-0.022875949540983584,-0.09150165006831083,-0.010267836887348787,0.028573086651980304
180,-0.11499702188505398,-0.023012047275869803,-0.08876467510899827,-0.008087907329436846,-0.025083845871616755,-0.03626409509105097,-0.016565587230507394,0.00998100643793503
181,-0.10834494767779664,-0.02627806303041732,0.0014536593409126594,-0.03013442215199374,0.043660572823747246,0.03878549601812095,-0.06629264396659401,0.03334217806260881
182,-0.011056896428383235,-0.012935674295751699,-0.03202839831646673,-0.00712845878855455,0.039641472068767364,0.015781328567464354,0.025428926938418812,0.011790636804324886
183,0.023309623684897637,-0.023876284443074804,0.03322808071291347,0.0632693357786147,-0.03472766384789945,-0.059993500725031214,0.03275656366548311,-0.017454782767653054
184,-0.0008279385319789655,-0.03909723585000285,-0.018298894438056438,0.00013896771528813147,0.07121752340983518,0.015339274918851637,-0.01850647458988412,0.057132586813844005
185,0.04652670499744793,0.013961843095098271,0.03719695324905137,-0.03802741342839888,-0.030068337031358618,-0.007025949719838851,0.11303140598005064,0.04965194051255347
186,-0.009109871783809209,-0.05652722288654917,-0.05813957730037696,0.013850683229027987,0.023331461750058128,0.022732175788962337,0.004706668396423239,-0.0029117074523385836
187,0.02993976781696513,-0.02624572608238109,-0.008365734857863016,-0.011207490841763831,-0.02019081240365079,0.0003636721160484624,0.07745554688830704,-0.03402849281641828
188,0.046796811508999975,0.02821615058627235,-0.02280564176529694,-0.05585783860045163,-0.03108393520946568,0.04424180257821902,0.029569385435933362,-0.035265508319257184
189,0.03936787118872496,-0.030477249241709945,-0.011932967534222133,0.033655470977395185,-0.02798839293440089,0.02333983294792302,0.022432120527073156,-0.03327924546192715
190,-0.06592317834330794,0.06804172236521436,0.110986274866045,0.05570888767533987,0.05170269739418931,0.14426020668021086,-0.004041159408849872,0.052180031733642544
191,0.031174954266484877,0.05469193000570065,-0.01517376963983636,0.039059712660414914,-0.04875254135743911,-0.01592118847522909,-0.04821588037706229,0.05686658001338035
192,0.07347387246426261,0.10662081734619236,-0.023933186528713967,0.00019414422708131484,-0.04808126219560301,-0.018393241470135713,-0.2238750174723089,-0.0777377512033142
193,-0.020682475674612556,0.04380694578573656,0.03740130992147524,-0.02885943276084839,0.09160733984679932,-0.022473088868413656,0.014945900418539949,-0.0027180609359763338
194,-0.029857412431455545,-0.0001824554588625117,0.022455216918044883,0.009443785901948689,0.008904760217135856,0.001671006472329875,0.03315072648298659,-0.021212555745115647
195,0.03361595902555564,-0.02198884436790047,-0.02111143268632258,0.02251770393899872,-0.015993073965692873,0.05927893381822282,0.0031571410659527823,-0.050785950773622454
196,-0.023110716578383324,0.06292663924723536,0.03126143476652352,-0.04120527749679941,0.007702978414335921,-0.0462079492714612,0.06799293845144083,-0.03377251579989935
197,-0.00905941223912702,0.02513949209024425,-0.03937109603163714,0.0830340126119175,-0.03981233630328824,0.011365565067227015,-0.02150742388841387,-0.004405040031737502
198,-0.044097857403069596,-0.01341486542361066,-0.0359042336003847,0.024735334770187627,0.025240385847091488,0.02462135091277962,0.003871406412730186,0.023987980000747474
199,-0.018566076479104826,-0.04164196971444257,-0.006666157292386439,-0.04340124468387907,0.06786585885193062,0.08398706148249782,0.02049097665856847,0.01915545247382917
200,0.01609895901337213,0.011935138626836468,-0.0019461952717388733,-0.014927547205173494,0.01318296277538274,-0.014599211415405818,-0.022933799253595417,-0.044728554446850616
201,-0.022474270731884724,-0.03227748039356581,-0.02844539102284115,0.01867664561744646,0.004623562725302069,0.003327551044100359,0.05181374541303236,-0.003574063934638991
202,-0.09967400618088225,0.016282373782262428,-0.02901222822051048,-0.01206694331814851,-0.013047998303013187,-0.00042498494497805587,0.006668149707464603,-0.07787128518582848
203,-0.050274223822098986,0.029594732070037575,0.031215136242794945,-0.11041367037316253,0.07057144640020406,-0.013455636474775918,0.014553652214581698,-0.013102531874583566
204,0.006813150288040639,-0.009020919553695321,0.015628147417813595,-0.01027286761674354,0.012733054764884627,-0.005774185366210879,-0.005410005268941356,-0.003456610523843862
205,-0.005475348303208691,-0.06744974304435254,0.006858668547088523,0.011761129578385172,0.022158875165938403,0.03206872880232547,0.061865843279054936,0.054138405148387386
206,0.04115817983597268,0.010866626390445411,0.012154148294605458,-0.06001780908547931,-0.023364812496158214,0.0010426676360793627,0.005011720717940175,-0.035348175358435464
207,0.0022358025677767478,0.009037630373451615,-0.05636205170948289,0.011670138070793139,-0.03471018035787798,0.05216965967591591,0.0007531543288773961,0.014226901934472918
208,-0.005063406232297255,-0.011424388334690483,0.017807621131355877,-0.03538565831943253,0.04593313300272597,0.06314630071807917,-0.015406461996721403,0.07174002048552343
209,0.011595323869373063,-0.09783577474994395,-0.0050354783068344774,0.05622562635652485,-0.0021465456552118125,-0.017740647539303274,0.04380635848607625,-0.012415103142541059
210,-0.044661003155069094,0.04489573188919135,-0.05870941679220097,0.03880674029516697,-0.06445092924562651,0.026192656997575604,0.048393719844854646,-0.04372496518599181
211,0.031547762638759205,-0.01829382402075822,-0.003322631457009614,0.010383219362327655,0.027594134093968083,-0.009676334104360139,0.0248927440943108,0.02398575836627149
212,-0.12431857297791155,0.09448128599097118,-0.07997963747154051,0.01964702472485654,-0.2073010694571655,-0.10466993809101964,0.03593365707312922,0.12162738204126435
213,-0.033673504269687196,0.109429586985729,0.07063473205894567,0.1256048208662996,-0.04994529241921739,-0.0902662504472269,0.21128002558835401,-0.06219603934494999
214,-0.015827382059285577,0.06702645175562029,0.011914417926373965,-0.02894920025145913,0.011335449577699627,0.10301833240882363,0.04302795791075508,0.023345421568510653
215,-0.018301149978869346,-0.017863387812994437,0.02704278579411579,-0.023069213485511015,0.014794339816855205,0.039995201461052114,-0.037166139848074535,-0.017385702351106917
216,0.010710157235436028,0.032804732373489354,0.015778588856615608,-0.009138903632145758,-0.02003534886813814,0.055795591852381136,0.0298261702928244,-0.050671366727279656
217,0.03707692315967583,0.03730316046864712,0.007286032050306854,0.03552718259808225,-0.013529819046093992,0.037248098419515624,-0.09024881839424592,-0.03934556361682202
218,-0.05430579523826656,0.016291682442727017,-0.045785011109471654,0.013487248823954776,-0.029878670524412235,0.003096916956292094,-0.005883402408661163,0.019493400223407766
219,-0.051345185318900866,0.03730236251106615,-0.08255306603825899,0.015718251721993974,0.07300742992521085,-0.03642419852057133,0.051917249548550266,0.055936690976691274
220,0.013801999404485668,-0.08936363914648864,0.02302675272935175,0.019748525174013504,0.004214154259232196,-0.04343934985058429,-0.002569861270809554,0.054370045547833715
221,0.005766689216988786,-0.05630096915667558,0.01957419724461865,-0.018578577440256747,-0.02838128610170691,0.015444868963008292,-0.01591605455312938,-0.0015425939824110905
222,0.03490145973846783,0.004136195817393454,0.02350456366344646,-0.05435335070776345,-0.012710761109757584,0.006423328386321443,-0.018677140937799073,0.03953333460186672
223,-0.02409928332837601,-0.025473612877321826,-0.004383833009391816,-0.029708102662857484,0.04535995781922439,0.045433032522926645,-0.0002194419867049022,0.033453520885845016
224,0.023530956818390417,-0.029211561613313185,-0.011317858296326479,0.025181651891310452,0.009390470799008673,-0.00990949948864723,0.06083883119908207,-0.0032218833917097745
225,0.011375339157919677,-0.022667356318132527,-0.015008199169783234,-0.010559218240229597,-0.07860793056272414,0.03406822565237097,0.015391352380425185,-0.05115772658274022
226,0.0380200013721253,-0.03450212776439538,0.019551981398812816,-0.032289521447044,-0.002716549665038591,-0.035510640579812985,-0.048934750869951284,0.02208292068935092
227,0.0005235610124639871,-0.05309505407927673,-0.0029444703243208426,0.04226702095724675,-0.009518373731133902,0.049580059590379685,-0.021811577782904375,-0.026918759907410543
228,0.014754465469078857,0.00034831614630906723,-0.008743805073489265,0.03477028234124405,0.08270466208838073,0.014298870215541807,0.029325555518486066,-0.008593783655358386
229,-0.0370805514992116,-0.013333526687745118,0.05533739973824541,-0.027617914844667926,0.07249691978626438,0.0006263465550826839,0.003709632022789414,-0.029797781820359758
230,-0.043592845827433405,-0.05222975718696025,-0.004696158371048139,-0.04681831739478549,0.02278137865815348,-0.00736938502937166,0.009704167978730078,-0.08459839887664088
231,0.05921381357142683,0.04721641616629234,-0.060208947518098195,0.02311122507744492,0.07805640360575164,0.05734940946888074,-0.020852413828372062,0.025487239441062577
232,0.06310421206871882,0.11061932117269184,-0.08134714747840951,-0.01973177716857092,0.10433162099142336,0.0356543148435289,-0.027233601380000437,0.046220244373562626
233,-0.04216661660816665,0.007151899191287879,-0.06640571379906329,0.017629568567265632,0.046620828047221015,-0.049175608639030054,0.013142522292777232,0.024137085258189642
234,0.04165592069559424,-0.015466758238222234,0.03578292713759527,-0.014905477400605037,-0.021817786822604074,0.013412715970437732,0.14577400131820137,-0.0020384741111434423
235,0.024051703124664425,0.009795841727393468,-0.023126375166566886,0.00014212960956091114,0.03345665994890096,-0.054538188394090206,-0.007507108369253745,0.009646397272184682
236,-0.09888566896219593,0.009570925467540115,-0.06768170824257386,0.0027817911200154247,0.0009407963993625852,-0.02130517844011803,0.014052584299858152,0.04732256238241462
237,-0.03271196513787096,0.004392827409571141,-0.058173807220178245,0.04839821121203707,-0.024814182522461765,-0.038095433498076384,0.04229864277014632,0.015441996869127993
238,0.013552990963894321,0.06609886155298372,-0.03467391652780083,0.036112900749469205,0.08361917591931216,-0.07128932593934738,-0.03815189019346002,-0.024975151645103624
239,-0.03695147881156902,0.04017450591705289,-0.05969596742688431,-0.025300232726373835,0.10449922975048682,-0.024928012081213646,0.018752153739024422,0.004542281567233712
240,0.02375957921914362,-0.03585315981481046,-0.01420186527009514,0.0038569653718673784,-0.042054200205902774,0.004517054509139625,0.04551731221844133,-0.03146809661801237
241,0.04824966093341945,-0.04938536753248706,-0.023585304855668263,0.029338862513517406,-0.0014833792920278658,0.02957639667108156,-0.021346513009644835,0.019975573503517818
242,-0.02130639493322844,0.015007319247237604,0.0883551992351582,0.06134817221359019,0.05944407117864051,0.03290101950318784,-0.03635298886944527,-0.019507038158365762
243,0.03444927474021101,0.034473833911537737,-0.0489304774943304,0.03653849517728987,-0.009754380937875973,0.04262488878762627,0.005213985680223967,0.03218003666603941
244,-0.03981354992517817,0.028596119422974277,-0.02882879956861317,-0.014065819954067449,-0.018905036141287756,-0.009795838899347022,0.022414778480984693,-0.033005087466987
245,0.039713624068442206,0.08694199058213,0.0182186628862465,-0.07345297095324702,-0.03041764509002616,-0.020961620142847096,0.0818906951119974,-0.028205508354733903
246,0.03470876346825613,-0.004584419808731768,-0.016665401697155368,0.03921628802561531,0.018182224842105923,0.016337836141484614,0.00912222672768333,-0.04965068618011475
247,-0.026262777837433814,-0.06802090039068191,0.07810964303683855,0.10742784773629731,0.03809751969053711,0.011627273434590218,0.028826562278120155,-0.028954790233504737
248,0.03849223382298176,0.055111885481234094,-0.021964582320335328,-0.057870956928903844,0.05996189292727943,0.02900250160634273,0.01918308297706064,0.008433528592330758
249,0.023812168090571215,-0.027595762721778196,0.012908229765270009,-0.01838157218297201,-0.017358629495930696,-0.011860867944074673,-0.016677933912358413,-0.05763408568133742
250,-0.07820010319391428,0.0077503086048067455,-0.03664348412145957,0.01549115600377943,-0.030308675992187794,0.009176219534478561,-0.01881690299130874,-0.02146977017122502
251,0.03942171306147575,0.00039246761497943074,-0.016836864930822877,-0.00530311431427204,-0.02525326967511155,0.016316080601722214,0.018406100410009556,0.011181829842182052
252,-0.08908042794384292,-0.0243185396694125,0.025193552001692092,0.03626443529381589,0.02210161883035821,-0.028380548401122294,0.035532073440272635,0.016813155202452124
253,-0.01974740003492816,-0.04364910123294053,-0.030079437541523372,-0.011705924438596648,-0.006054436942669702,0.006206300781754148,0.002749686406858723,-0.0507159616749693
254,-0.04814625891653465,-0.040768350644406315,-0.0432225436831354,-0.00898747727096951,-0.0008596275748401023,0.00141529273345615,0.022203923633833486,0.014650446414711213
255,-0.007268533478734134,-0.029272364197403724,0.009275612967495525,-0.02645324543832132,-0.016979822858646455,0.0029004112978882435,0.023628342262635577,-0.03137224927067726
256,-0.07383975362576507,0.028405595878416304,-0.028129860515554363,0.025357377081824426,0.026578305202673104,-0.010555669454800442,-0.018413036712780533,0.045010906753071095
257,-0.0632029312903138,-0.015754357258629257,0.06453770104920543,-0.05960363619478661,-0.01862433134540967,-0.039149563543421674,-0.039015277358534516,-0.0267612260194119
258,-0.09130754610056292,0.07068863989183836,0.047170053040534864,-0.018244325792176573,-0.02618212053552218,-0.03717375941378437,-0.04468145416621964,-0.029364336782699577
259,-0.04677346826748195,0.01824238431344312,-0.0032977814941587127,-0.06293851187308833,0.14806373175412804,-0.014556236303268355,0.001975552515762815,-0.03481146881576685
260,-0.04237618760595301,-0.006238676172475032,-0.06703983515811707,-0.030030418226138715,0.05336377409155367,-0.02026888531079946,0.00947532475551848,-0.003204704151931991
261,0.010789982066118147,0.008199474492609157,-0.06246373742958368,0.007923871845276929,0.02439221512786223,-0.03644692687739493,0.0054108204529077775,0.039255998124722476
262,-0.028392216584247766,0.04681356514251029,-0.024332490393525266,0.03941318196020879,-0.05237758872695156,0.03295462522156714,-0.02534565456989091,-0.016888984640997397
263,0.019193793301856155,-0.02507255874467271,-0.053185601669344724,0.031611970122986645,0.0514162938455114,-0.004979099203227377,-0.03590723015774511,-0.00444533702401175
264,-0.020735982049289177,-0.022805912756100694,-0.05119599645138003,-0.02381929450289733,0.03477677062581143,0.011114007565509728,0.03543290548593366,-0.03002765721952844
265,-0.07843763644644006,0.05126289979910163,-0.10017144111243957,-0.006042994104348717,0.041760648782533084,-0.05582820092885058,0.007295615414770916,0.0907231797828447
266,0.026117803237706738,0.028683464199618394,0.012551781496163658,-0.01262278490272825,-0.044683333944882525,0.037022510517197335,0.014531044906628076,0.007656546394878275
267,0.027998488853347464,0.03590706161311634,-0.02963608556553566,0.03256169223122,0.011215708087377122,-0.004689489039933469,-0.047942100473263916,-0.021301577182010457
268,0.033023258981771796,0.0006013457643566414,-0.01819065830575111,-0.022610604511877547,-0.02606191359035898,0.09014293406758797,-0.004422641070392517,-0.016115309593071107
269,0.01188069178832264,0.03499150832798447,0.04341682446738782,0.004951378068909084,-0.00998759585253712,-0.02345684994311389,0.015624114812853786,-0.0030904045710868563
270,0.05038024500565261,-0.04362589506719698,-0.044016717111437,0.0665808029547054,-0.001321144616510586,0.017525653190638694,-0.016341518184657063,0.0324371004018671
271,0.02793261943065797,-0.05897526171660805,0.022882890786062825,-0.013630864513407085,-0.03006997625016567,-0.0018647847555737771,0.007620164953742088,-0.01918946852625297
272,-0.08846316829313625,0.013960927581755109,-0.03584902258107635,0.045607773765417234,-0.027622193205909806,-0.022924916197146646,-0.010738609593553992,0.05516121779545764
273,0.03964732785555901,0.016041841387875247,0.04001529040287594,-0.035762847289661205,-0.027328155016343933,-0.0013133618799632022,0.046459068841654017,-0.03554745971279081
274,-0.005600312548091029,0.011377606400099584,-0.055838016785367685,0.004960804254133275,0.042805859842796126,-0.04481639960752766,0.004396802976173363,0.036303749109975914
275,0.023845803522214385,0.05292735241581326,0.013781273568742583,-0.05687884998487238,-0.09416632621465752,-0.06682129995190735,0.004788837986996109,-0.07573290697605146
276,0.051701883229200746,-0.006993625592362392,0.0009214014166381455,-0.030225103150700275,-0.04841744935814792,0.01401971706527331,-0.01012776926308419,0.002947049680070905
277,-0.00015137224605498207,-0.019047177082962635,-0.06028831600296345,0.01709763115385151,-0.03707297959822257,-0.001986753835809049,0.07168230669945468,-0.029842487965178542
278,0.03836263360557148,-0.021572695716983496,-0.03863089909387714,0.031230397808381622,0.01774723219426712,-0.020909551602278097,-0.03510701278920135,0.0038237110022191064
279,0.020924025831374676,-0.027511483173954986,-0.02306690920890429,-0.011976438386258144,-0.0336536906889147,0.03575136512780271,-0.07952135304283693,-0.06364886709167397
280,-0.05854548984364157,0.0037942381419227523,-0.026489781199572345,-0.027103459870137715,0.051444069686385464,-0.024491334855827836,0.03578256393284329,0.011182535841800968
281,0.035535623676099165,0.018746852490114436,-0.006464241995767558,0.010679557233080382,-0.08438058708887729,0.06794234187567522,-0.008298149523352437,-0.04452506517026122
282,-0.04415120013163342,-0.027875480555345,-0.03767823318303995,-0.016898813198688755,-0.00018015872283328425,0.023188067467730097,0.01907020241176423,-0.02564614961754674
283,-0.03880593934966872,-0.045860969775676205,0.01962982103302218,0.0022068686240786714,0.026406313743371157,-0.019068109674299207,-0.039833428300238,-0.016978085176629586
284,0.011545913438454066,-0.01557326536230081,0.014285551274981469,0.08236482031135216,-0.027646141371377,-0.01884284545296478,0.004298011196303732,-0.0970203783561308
285,0.05245928887366138,0.009068855973297797,-0.022846871800432895,2.395169052178294e-05,-0.02084069075618133,-0.0006784367495157575,-0.02192284108531972,0.05656622413541955
286,0.006625122216319438,0.02348867963997045,0.03578179366148945,0.06882816862282892,0.028328278349577612,-0.013929497094238297,-0.028327351602281718,0.016909801809612688
287,0.042497282056219644,-0.07155686142913718,-0.007313499762751433,0.07870383844634662,-0.019055099504275624,0.007085466308245069,0.027904837396922764,0.005919095494087908
288,0.007757968166901413,0.10173913717813493,0.045916503887644025,0.0599637208366522,-0.08162454862798701,0.06357563967779886,0.013518713924619147,-0.12115146001510904
289,0.04825300321212815,0.051556110023561905,-0.02777076574032586,-0.03006556667511235,-0.038397780686256655,0.0792339986661824,-0.02686248324746582,-0.04174453529573667
290,-0.029766195924165916,0.08528229592093343,0.10124988489513792,0.1875094637276063,-0.04287185983764972,0.0026264181933651405,-0.01593737894956803,0.09270662813398994
291,0.003963206819918929,-0.01795404714422736,-0.01878691667748343,0.0016794480772346655,0.0072841293966235034,0.02268682208606201,-0.024339265620987312,-0.02103082410091427
292,0.013241150248420222,-0.028463144953205028,0.026089406932736814,-0.02201350712698161,-0.02249256337733914,0.04142954385156069,0.07327283367730723,0.046049123623522745
293,0.034170879945763774,0.0005489300280076889,-0.013838933512634223,-0.009502179977785992,-0.0016260500065557902,0.05252245329641107,0.03290285303657172,-0.07143807263418454
294,0.030800132796492,-0.06121294606675254,0.005068813305858957,-0.008291934109229402,-0.027986816985642062,-0.03168587064592547,-0.012517036698424838,-0.007929636330031527
295,0.033321567413800345,-0.056991313129304944,-0.011219341816453853,0.004383234096066421,-0.0404407409890943,0.008379236974981311,-0.011209780087901824,0.04372171683575455
296,0.051096887802088875,-0.03864178541821762,0.0013415996208491182,0.036930368609767596,-0.06453331951998026,0.0032694859854784496,-0.0358927023673816,0.005279961604859285
297,0.028825914779797342,0.020966756541220478,-0.0035657199566946226,0.005877376007944392,-0.017572444141946912,-0.08359068030661522,-0.09162933886202902,-0.023519557879673077
298,0.030002763272375846,-0.03518567479850208,-0.0356590824660762,0.062081506185257554,0.03806968958517569,0.027728201002863155,-0.02667317414749832,0.02931156429843276
299,0.04790217909772186,0.04620326532545496,-0.003931210587874439,-0.02805619214554255,-0.038410099140684835,-0.014426258990925988,0.05870647409872972,0.04477088361130255
300,-0.0781213838572067,-0.0030877006727904406,-0.012262543430816281,0.005418195441365901,-0.018609444367864797,-0.040954095148717555,0.0035064838548637322,0.03524384425540412
301,0.021669263634631127,0.01652012104840424,0.0018872986553807407,0.0348827615961012,-0.023092937926716097,0.027740188512705884,0.0021472208866397747,0.016025433004404132
302,-0.07597012704006953,0.044183223811234545,-0.005555250797722302,-0.0019343151999097624,-0.033051358129197746,-0.011305173415857074,-0.04328397923451487,0.021004039437377626
303,0.03720412053884736,0.003537713866544783,0.014225920103750617,-0.035311695333865994,0.007774037130324499,-0.061110639656032584,0.012775101079158545,-0.015916660243470954
304,0.032627941217122966,-0.01480942715339001,0.012909086665213485,0.03290082773903841,0.004282481765378923,-0.039638542154886554,0.002640648326404546,0.035892923323420756
305,0.054094309899427866,0.07695980721826756,-0.0487669681911221,-0.0070812214356844915,0.003511390257761944,0.08989887297452898,-0.014635742144049736,-0.008004845183562533
306,0.036747128933976185,-0.05255722913138622,-0.005829507584322004,0.023888120476947473,0.01759244526233145,-0.010495104546277927,-0.05107971057432074,0.10821108132239102
307,0.06406057107212845,0.003681968829844142,0.012398277815208105,0.002664768502540401,-0.020968970980913305,0.046392863719762235,-0.037489318732273375,0.024018343326584524
308,0.04664331198704097,-0.07303774676812577,-0.020717641213338207,0.07034023380695263,-0.01713255720499004,-0.023801173582095485,-0.02504426984502558,0.04680709591211589
309,0.03963768730084558,-0.05753639315970181,-0.008362388761694688,0.05039816082809456,-0.017241945452759904,-0.05420183114700351,-0.02289330607371151,0.06350325859742856
310,0.04528775841047496,0.020469662836563398,-0.028270455453121016,-0.033706557439966575,-0.002908191809026889,0.07304084573340798,-0.016705511150371444,-0.02339980706646276
311,0.03666257382144763,-0.037538269071927255,-0.03877391334479717,0.041241459442650154,-0.020315325915892714,-0.0042221634465769604,-0.005564040492431229,0.010358521401234179
312,0.016435108892477544,-0.050884964191566635,0.028732263986503023,0.041671130903165605,-0.024673240504937296,-0.01370630819311723,-0.002062752502927063,0.020276709906182442
313,0.04108187244977456,-0.07114120907301162,0.008947301128383857,0.007416675756977552,-0.04488113638533238,0.06651273377091847,-0.030899974270971624,0.016682695983201837
314,0.06738729586737316,0.12835247888150922,0.05654721187026331,-0.1102723691087997,-0.09178532809060948,0.016295282067958602,0.0655526894301685,0.11526226315149511
315,0.04859696047140404,-0.053742038012047924,-0.016507431478724452,0.040626655124888666,0.0022042302363183713,-0.05704560291038207,0.017240908603656013,0.04504908265104094
316,0.052992607905627195,-0.044224152733507625,-0.016143104830411866,0.03885167329012006,-0.03937013640029004,0.012730383673457673,0.005169035677108613,0.016718541570362132
317,-0.027970756011136324,-0.04560155825726557,-0.03523033812708764,-0.004310901770822195,0.0029648269531087966,-0.0074071922797702095,0.013995778401811383,-0.01920578166996759
318,-0.011988539820567736,0.06894757435007688,0.09978074953402558,0.03756251006641881,-0.010541760862197233,0.031224309830775062,-0.04544922091891859,-0.039358466105998725
319,0.05272795331767333,0.030094950200487903,-0.018954428466469792,0.03910171013933665,-0.07060153175247431,-0.013081324480269624,-0.016578773566577585,-0.01717888748683761
320,0.012896280562221876,0.012545728188222591,0.06584346581353441,-0.014636156959556489,-0.025984089291350966,-0.029928387677748903,0.003488007248557814,0.008891088660001118
321,-0.01741413082926671,-0.01395532513426171,-0.07465883010789341,0.02939406777855452,-0.045549976048568766,0.04129307189619609,0.0011553332145802142,-0.0017728730421924313
322,0.009009325875270787,-0.06185431496907613,0.029099244250291787,-0.02771223045066318,0.0021516138519642796,-0.07053205667447356,-0.02218520715593266,-0.02063211507199307
323,-0.07755781530954944,-0.016234558471168108,-0.027733906367023994,-0.06876160137408897,0.004979772815410399,0.0934290914958234,-0.029563206457494343,0.01601292909647756
324,0.029049705156921506,-0.044220281766340325,0.009314258204556503,0.014914830861261148,0.015526241180511508,-0.01773911245197583,-0.027624943932805374,0.0338772603956648
325,0.031907600135547096,-0.02313653927919718,-0.006382689830696214,-0.030585883441198412,-0.02061899890114839,-0.007924642029289563,0.03103540729098965,0.011303225489475934
326,0.025110207044481515,-0.06429039592903298,0.007929578433227197,0.02298966570332216,-0.0237672891297187,-0.07454132101802385,-0.0005222977172203416,0.015522676585899097
327,0.049461312682333836,-0.02876901039727696,-0.01566457401777994,0.04184995561626177,0.020122841205924443,-0.03548268803225456,-0.02319199792110171,0.06152334435821175
328,-0.027354542532167153,-0.0069430751405154,-0.01301752992080892,-0.04402642242545619,0.01287185425249104,-0.023758620070323085,0.0008834524642337224,-0.049161480122060716
329,-0.015155361884467042,0.03965623221470973,0.007602904497984463,-0.019307693873860266,-0.047515975994073305,-0.006215582168171376,0.04708511217052852,0.027915391453118013
330,-0.026855125493556006,-0.05210462537009283,0.005395355169297528,0.014552706229697617,-0.0010628719359749652,0.017471734293508283,0.024732711535635374,-0.038210507167288486
331,0.006594183859250854,-0.02059240502074325,0.01658735533048136,0.005021809640242022,0.0013354828376948274,0.06310894308111395,0.04637992984761215,0.062109941456345914
332,0.053941533032682745,0.06985666876013222,-0.00658098699048269,-0.08735234993047637,-0.05878793801466261,0.04396707670905507,0.07392591570813602,0.027617232252472958
333,0.04689043738871058,-0.025481606678913863,-7.638186728334884e-06,0.0034359690746234655,0.002801965065059414,0.002864096998413998,-0.047840352831039816,0.04549199437099505
334,0.04307670184142209,0.011051734073521405,-0.017663200030243992,-0.0007185988744378059,0.015869934692686535,-0.012939753076078022,0.011781548136647066,0.0029125921720768093
335,-0.03553449347114912,0.03505328221940569,-0.02837234534226082,-0.012113194260421187,-0.0061075679162571955,-0.0532726968280139,0.01027850629138682,-0.03253701940736232
336,0.013669079780782651,-0.05440328049189224,0.0425835721302555,0.022525718699783016,0.0017223802791599139,-0.03824925038869893,-0.08364521871657096,0.11173940052473928
337,-0.05081933397967011,0.02200657939668902,-0.023370181349015206,0.01706059627161212,0.009464549214956534,0.036866864809055586,0.022196676044143326,0.03374626117756647
338,0.037991233407378186,0.027213015764485572,0.005960764330953287,-0.045829228336476215,-0.0007339538153063079,-0.002758513534881556,-0.04522057162029304,-0.06224037888256216
339,-0.09040953692546201,-0.007033975585407559,-0.0805114226836528,-0.010355334882413638,-0.018575592125846,-0.05633399693636891,0.017351748351681857,0.02144026826917977
340,-0.006414708347996968,-0.03487770934534703,0.006592268195524241,0.006921947527644945,-0.006895519061344303,0.025757821516696464,-0.01746864096901533,-0.00841348267355421
341,0.01690231865332894,-0.013802929704883822,0.04614054674867737,0.020180060072427182,0.029867032232910876,0.03464060895684673,-0.055213615903308075,-0.03987856476303426
342,0.019763126107998175,-0.033694104945773524,0.030548099117918316,-0.041160153239378564,-0.01856462914396561,0.03380595111713309,0.025214589549638115,0.0029722169689047856
343,-0.044192241340649904,0.045494217452839596,-0.04269427561705277,0.012700127363893561,-0.020761449039828735,0.07675728624744937,-0.0063880037671706835,-0.01412549404923804
344,0.02164689775328872,-0.021550088618671942,0.026359260515301526,-0.04533759980353295,-0.044153554051824896,-0.02289601896045266,0.016215028618449305,0.00270472713642557
345,0.03350637233955702,0.06378296797359133,0.07091817705922597,-0.022727797164053157,-0.062401263697912636,-0.04654576384022858,0.04114783985475042,0.008680191034956071
346,0.0374357089440262,-0.0010344165926515342,-0.006398798359871147,-0.0025684299982981318,0.024093575821143003,0.002585804952439743,0.03293688454033601,0.04926931572500147
347,0.009064260198362354,-0.057645375061116826,-0.007342356014031967,0.023217271003680016,-0.023165430827096416,0.03191218452705851,0.05041837165355266,0.05677439452058347
348,0.03057877451216019,-0.033948271776506465,0.026741339696592946,-0.017624266097987357,0.0050538328626450945,-0.005109280478233345,0.07662326049255556,0.028660782030898495
349,0.025649893636517956,-0.0014265131829434223,0.01549274861478614,-0.06256308063364356,-0.06685314609692113,0.0263031667155708,-0.11317587640091978,0.021590441526222248
350,0.04842446561432784,-0.016920546856133072,-0.012856882642510784,0.03610264100054866,-0.02148585066923052,0.022671236255498498,0.03445333279525711,0.055944663311626265
351,-0.059043772005201285,0.029921803007557406,0.05844068005083967,-0.019585508605472784,-0.04927414360889452,0.09035801403492344,0.0039032602641017023,-0.008290536995194686
352,-0.12954872554211974,-0.03948422516117583,-0.05581360379388951,-0.011433353935315511,-0.056408121000813854,0.005765427772794096,-0.008459249581225148,0.03675157401548505
353,-0.02146843152885742,0.046191572660758067,-0.0003739907395045517,-0.011469636311216665,0.028570528921390552,-0.04951113642745313,0.07302324182402212,0.00620140682969657
354,0.037525407772415184,-0.006695272859505788,0.01250753106669153,0.07445360250159241,-0.06747811921239522,0.045406846837362215,0.0021665084164251033,0.016176054360093478
355,0.01465394837409709,0.02602567098433414,0.014294933637280008,0.045815771777676054,-0.03943946538457277,-0.020690750208337612,0.04043475639607504,-0.05268956655729749
356,0.0013903852448231427,0.02369009429265281,0.014654009177172281,-0.025163953760089272,-0.03771722183216333,0.024529436804567647,-0.012548295005187731,-0.03658900757297338
357,0.030408470671376663,-0.026720925411040333,-0.014419989507213484,0.017681701871607575,0.009589150832957137,-0.05243326444383404,-0.03915422263812177,0.018968443798101982
358,0.038805680930062945,0.0272606088746386,0.03759550319532626,0.02552045067491057,-0.06508029493169172,0.002728289586875572,0.0051876494037085205,-0.0015683587788919622
359,0.035837857170317705,0.005382858084625631,0.02187492430526092,-0.011466664463663595,0.021676978078492767,-0.05839403712465931,-0.011379141410163315,0.06313481681605729
360,0.056147094631777444,-0.015542743175901088,-0.03427835890634941,0.046972194784008874,-0.02064516963277522,-0.01133315248111449,0.02602773981037142,0.04585307859479517
361,0.03513781047953361,0.024830347771631706,-0.03498456308746507,0.002244217411582322,0.014192703138657742,0.006430908645238386,-0.04181796357111874,-0.01674358473665522
362,0.02876184848259911,-0.00138034548236194,-0.016038785618700566,-0.024219203855801643,0.0008494019009445646,0.004544098745946413,-0.025804048507291753,-0.017536138638682183
363,0.00559522136985791,-0.01717832939666968,-0.026503333050148504,0.00046721545119835054,-0.015840518050995876,-0.05317707254930943,0.006735731456686163,-0.01566333502186646
364,0.03146527500175902,-0.04461526900094709,-0.01624118657878795,0.02600163170789649,0.014846403243942059,0.023858434420829158,0.01439713109650507,0.016799577124136923
365,-0.032976724420703915,-0.013913693499966519,-0.06241922695760604,0.012521238439225405,-0.014410813666729545,-0.021721915228443783,0.03301109225498831,0.015073185153081856
366,-0.05835597713475701,0.06981422866404814,-0.038805899998980736,0.020005665634695843,-0.03645266618589544,0.023118985046269826,0.021461527118065333,-0.0034014889743165045
367,0.0255586775012442,-0.022177254561297155,-0.008449166366501315,-0.007454979560411958,0.013284188792102988,0.04004583040025681,0.06042301212026107,-0.001064806185465474
368,-0.06677452019987101,-0.0032477749005608856,-0.09344304435941653,0.01726356185171309,-0.05727476151026851,-0.045581469111434056,0.022839637335490576,0.0525158728391289
369,-0.08804692213601108,-0.023863301037687742,-0.04667721277250513,0.007482636863341866,-0.02098310692700779,-0.03548966172821459,-0.02227241437501977,0.025077898205182244
370,-0.04234036843050438,0.006650281431193711,-0.0028198511011542997,-0.005054577937525942,0.026846302547102168,0.1094288627875748,0.03149807315320642,-0.009150188085827087
371,0.023756439645093625,-0.0687317598613731,-0.01766403298885975,0.03853466073956382,-0.043158721277566967,0.023673718616815845,0.010893266055019878,-0.008188790747236155
372,-0.04685852133624342,-0.043880778206498224,-0.027342755291864126,0.011646282353681106,-0.03934269004744992,-0.003166062010735014,-0.05514788224074213,-0.03586154189383523
373,-0.04573779806130086,-0.042829503696628864,-0.052648202944591826,0.007823535559650542,-0.018283319987005876,-0.023331656161005524,0.057495039906293344,0.0018253801194424762
374,0.03026384325202322,-0.03981568540540381,-0.021060736975362718,0.016171783330048536,-0.013182277401292774,0.07665074421734769,-0.007593230236059692,0.029574772229585086
375,-0.0037214339853253488,-0.052854792453928386,-0.0037600453546359274,-0.01932204981390993,-0.026342159153305275,0.028022937050342676,-0.06356323788353213,0.04173865258859582
376,-0.027485061557270582,0.03489424232289932,0.12502862826810088,0.13420472553306279,0.045917044418384255,0.00897323044712428,-0.036119038772782594,-0.052046563057583234
377,0.04354425497338231,0.038661442518594304,-0.06293674236686048,0.013108275691727565,0.0849697347831115,0.0029514142150612144,0.028860468139932108,0.049503016980498596
378,0.013364215189446423,-0.05162901199475787,0.012646351836057614,0.030467522400398787,0.0002889026814810081,0.0690448874778129,0.01243865024490365,0.025663760647174082
379,-0.054504783584859606,-0.03912012368155497,0.0950685035809462,-0.06706144707962987,0.10071348172549895,0.03121795286012297,0.027113200760974822,-0.04752912955729774
380,0.0046443193428529535,-0.04117099516291024,0.039090014984327216,-0.0793895919334974,-0.029603570376391906,-0.0015916728548576408,-0.02701470733341837,-0.0230868716320296
381,0.03779347358184905,-0.02029658962739534,-0.0016468265548669654,0.005099349436371842,-0.01642085565102185,0.06550652687839742,-0.06203560614750156,-0.05597961130095288
382,0.015828379701037457,0.024259987628152603,0.014822680535166262,0.0987647717150256,0.038136100595095306,-0.0007810370529300139,-0.016968699059716957,0.005202208909030072
383,-0.002880284826456666,-0.026713324765134182,0.05060868595662334,0.013424442672720836,0.0265551902761827,-0.020841225010327043,-0.019552675628072207,0.05163979424601892
384,0.020516570493533972,-0.06811425028963058,0.0009508480656167469,0.042872952080482675,-0.011871759312982713,0.02912959428094581,0.017330261965484952,-0.05234756354628827
385,0.010694779287364639,0.03803734795321292,-0.03798945867272102,0.010158487446320039,0.016232793347074,-0.008593556003088585,0.059043252532724536,-0.0703997527212983
386,0.017969056450811437,-0.03858806451740912,0.0196490723325377,0.060865245039237854,-0.0091979832799648,0.02127036138115207,-0.031612285913013675,-0.012080535876343366
387,0.038933408303506785,-0.042119823072081126,-0.031181789874296324,0.06660099403548198,-0.010912902370710393,0.02447971427286565,-0.01697502459943221,0.02163822157925593
388,-0.002830540734545473,0.006140907003771991,0.1054441760897212,0.13137137622204073,0.011965063921520113,-0.03376900469627265,-0.01566790014591573,0.006313996888793935
389,-0.0426884044213414,0.08168217978529099,-0.026681693831893623,0.026643014383328743,-0.05797289916928801,-0.004987311697161414,0.007673436549869958,-0.11000495019969168
390,0.034875175488792556,-0.058757051091702664,0.027975356170824285,-0.028167484381731934,-0.035381513040719244,0.010432147808269164,-0.01659841154152483,-0.001912374625187945
391,0.042947860196276055,0.05109754635847478,0.07133017686565314,-0.05206448065895576,-0.002339745497707376,-0.08264858187706861,-0.028058918184745638,0.0698747100720061
392,-0.04948556586743433,-0.0024079676852099886,0.015295059999389436,-0.025440625428593835,0.017377633851835255,-0.028074618870369165,0.018516469590663366,-0.013015007637387235
393,-0.09088612305374126,-0.03141356970029247,-0.01962067318493358,-0.027430098201391636,0.009312950452637579,0.022227501965992547,-0.025047541304874767,-0.0017922347984809307
394,0.026161765261253505,0.011951664934383883,-0.000909881409778125,-0.04269215984242786,-0.01020734833030862,0.005644551465501254,-0.017282836875279015,-0.04715204876291864
395,0.03212753447758096,-0.008501570450184558,-0.030189909055818073,0.019294734648806124,-0.011012125527411673,-0.00029597955475458985,-0.0564059929405547,-0.06477496222618037
396,0.0020568621558867653,-0.017155067217262142,-0.006371020257134444,-0.020993405480297607,0.012209481807488702,-0.019879708629818457,-0.027829688407279233,-0.10604188184220044
397,0.021820613617129368,-0.006909370742523596,-0.0020657932678103817,0.06970869304094293,-0.0256227837351594,-0.016528018189662548,-0.02362216920520237,-0.04575324695588528
398,0.033045905630226476,-0.05193591391275237,0.018103866358667838,0.05132827931955173,0.03441765954170706,-0.006421888516235349,-0.03184267460435458,0.04200728806649668
399,0.02901602864688766,-0.010459957874931276,0.005948044355335143,0.00813742226060007,0.018561156154073947,-0.010850329162021359,-0.052117606913464655,0.01615970527827681
400,-0.08077601553575552,-0.04621156949153577,0.039821333312708145,-0.03864031658810838,0.043976630557465195,-0.018614888064990162,-0.0014864228562432836,-0.021593471680544703
401,0.02894958247756091,-0.06489105084080991,0.017174841074894615,0.020156525173740013,-0.005203683297501748,-0.03588043713432139,0.0011719462575883273,-0.06165254903903464
402,0.031207382785400056,0.01400250198627452,-0.02417316944713737,0.040719333619289824,-0.019139601979939313,0.08959976407969146,-0.048672240844366395,-0.012518267546928448
403,0.027098723728295113,-0.03712819439709245,-0.017147832429662696,-0.020104247385480282,0.0010101177380854906,0.0403421842981249,-0.053135194857994617,-0.006602707362106874
404,0.04474768030892381,-0.01617630742753783,-0.010864600108971594,0.022232187113878296,-0.07315309067331312,0.005421831532195548,0.05814056390279316,0.012876294407868494
405,0.026860339898365206,0.017777082999596377,0.019530615736711235,-0.014013671043858407,-0.0010075600933134711,-0.06006267102370178,0.011341752511130952,-0.014445627794473715
406,0.007403733033957975,-0.05980809925823951,-0.02468472392430325,0.0030044519855901303,-0.024516940819084898,0.003862669075879316,-0.029312050510023703,-0.004264228071328656
407,0.02218459142896,0.0479789669710706,0.0037934667756365677,0.07832118721984876,-0.0026643575246069313,0.008925528071910398,-0.0253341073345492,0.024356543955060463
408,-0.03515369816536332,-0.02213296134003967,-0.022157258465541924,-0.020164589014919927,-0.003152909641298855,0.002844368633101022,0.00843280798738221,-0.03220661240572671
409,0.0332910214228545,0.03407617766395603,-0.03204635929684663,-0.017271660176295417,-0.018103008505588665,0.08369711123498522,-0.013248542166541996,-0.07224973169402896
410,0.030835270679745706,0.0036560027139793164,-0.019454816536709312,-0.018165986015120206,0.06599440618908048,-0.0002867782697468232,-0.011503065573978304,-0.07187430503920632
411,0.03173745011423278,-0.012651212484405622,-0.004187719453694793,-0.04621935555221871,0.01197578466054883,-0.010751596587044474,-0.04865352919753576,-0.03615440648581378
412,0.04300096983221406,0.011967063862269528,0.016511989182876392,0.04450421612589232,0.06527881178361938,-0.022166123427956947,-0.009343432626728963,0.05040670954524184
413,0.002004139168982337,0.01628909031911788,-0.02552466451160034,0.023912169670511876,0.0277179651947768,0.04928268648192124,-0.055081026341807414,-0.01682192342041067
414,0.032745541015132544,0.09547899040488504,-0.08403159342729888,-0.02056252858897408,0.018728663761026672,0.05898820771228787,0.05391014593832556,0.03158572410646247
415,0.02815142953637313,0.032107770759857886,0.00012198607427887693,-0.038178802246432435,-0.0036697481542403198,0.03154288099471924,0.031068384608718948,-0.006637742213069763
416,0.044295151104819144,0.1059272243607951,0.023437073735770662,-0.07851666323679085,-0.004932090275829684,-0.026016173320169186,0.007561873925344634,-0.011871130082808701
417,-0.067603274242874,0.034644744422193334,0.0074898101447508705,-0.008045200634040541,-0.021750589054895235,-0.04794906008233657,-0.007057524390903781,0.060646432937247856
418,0.0218058397156454,-0.0646789654213814,0.030178487502083108,0.0208725265144292,-0.01230527360608912,-0.010283554619533872,0.00023693033299636973,0.06153472887526963
419,0.04598016911034872,0.03560528388001382,-0.022534240136260916,-0.04558491067565049,0.005870297363867691,0.0021116111932129905,0.006192774019873379,0.025674774410183242
420,0.02476165906194182,0.01974145293640546,0.007586470290626903,0.004660849888421615,0.015954393579320623,0.026796589742044546,-0.031316484043824803,-0.03460424045042103
421,-0.023711175227249977,0.004179076903307364,0.05358635707331547,0.005514854095377288,-0.04967251008291862,-0.013101990105694522,-0.034284255279180456,0.003641631083097893
422,0.015079723803901782,-0.03582078568500106,0.012668241432006875,-0.035807631550280855,-0.029619531727153283,-0.0030436053061967043,0.0001545133853676896,-0.07009419815944956
423,0.0010679921353543248,-0.02202711818705816,-0.0021043940266285543,0.026976502516606552,0.01673753661014868,0.01913732275060891,-0.048223902892876626,-0.04777776154496211
424,0.03451302325572958,0.0742239521660323,0.036971302626630016,-0.0706804644663442,-0.0530457429149698,0.007551122924987585,-0.03906010517698669,0.04774077160726503
425,0.054942659839683716,0.02033019056816236,-0.013377742780841523,0.0017168997179921174,0.05597989677415279,-0.027721501511302028,-0.05389799778166585,0.047021945733196985
426,0.011715709669400578,-0.009237631422511175,0.04893723066435987,0.004362078094847715,-0.006520507865602651,0.01077234042831804,-0.0290542966902387,-0.006301875829442743
427,0.03312471489231885,0.0462340720233103,-0.017224306611159684,-0.012326524140442083,0.03039885285013604,0.0309488866301877,-0.024933363076072242,-0.058152489255662194
428,0.05150960160924822,-0.021496897719231876,-0.008526836205252256,0.02256689723283266,-0.01129188762791587,-0.0011132662438314137,-0.004506751849676965,0.009290041364241134
429,0.045331512167201,-0.022351547406574544,-0.01883216731348383,0.03860723341199747,-0.021129360201178712,-0.02076117020690431,0.045626480329726736,0.02315867450555076
430,-0.06334728478402989,-0.024376390206556853,0.058668655531703,0.048314977507419324,0.05584853409303085,0.007379180195256653,0.017584972313769504,-0.08789009468767083
431,0.007645474906607493,0.005578664781050427,0.047909826428424444,-0.01856671648913882,-0.002013402825161503,-0.03574941082590642,-0.004689537290018029,0.021648726388925982
432,-0.05250360287174411,-0.013752984987616053,-0.019505018611446018,-0.010566674992402214,-0.024860450134055544,-0.012812963985912971,0.06264119740662565,-0.04623070061677739
433,-0.045418716410552076,0.036080397999072575,-0.022283515836588746,0.008397873756572461,-0.0203685562835489,-0.006291854321822372,0.005146612937790777,-0.005709770099611236
434,0.021335053041016305,-0.04269082720003664,-0.016801363050454654,0.0186418528609152,-0.015086497259704726,-0.014525893541303361,0.015169209604882584,0.026969717131703416
435,-0.016355734455231488,-0.03766599574877973,0.00815735607881886,-0.03368121935962168,0.06715570101461765,-0.01594650820949675,0.011903291713075867,-0.01195244638498647
436,0.02905504547526043,-0.0019106057390757699,-0.011835774461449938,-0.013855319000201899,0.004936581027891036,0.03179939282021937,-0.007722471389620106,0.08886958012615936
437,0.022765577759558474,-0.016947678619261972,-0.0031514761136121425,0.016970710854549452,-0.023233829227678762,-0.007751340007643059,0.014415169562197043,0.026779057394299626
438,0.03172331990080858,0.011437494936766952,-0.03088818641480802,0.0077203219042710795,0.003339839465241879,-0.026675068390081016,-0.028698243824605035,0.02101418781003807
439,0.03211399792802914,-0.049206618706407246,-0.025727487437933256,0.04327436482028499,-0.022308680034747168,-0.011812806363134115,2.2100633859149547e-05,-0.017632152569577127
440,-0.0020845093224349303,-0.0031357688202019508,0.04776677192565389,0.046719661896562924,0.032525433749597425,-0.01999810056607764,0.03816804478764823,-0.08126225786604699
441,-0.026445982256609695,0.03204702679348914,-0.029705461863057253,0.03962402440222571,0.03887911313708752,-0.01906236213770717,0.06888745799725189,-0.028470296494946125
442,0.031911027832352334,-0.05955968596710146,0.0006734320837854372,0.04394383494822335,-0.013868271634489596,-0.0743242571921146,0.0008154232920104733,0.0861142185549188
443,0.05012898903652134,0.06145931746923473,6.075812969719725e-05,-0.010508541026888973,-0.03245213457460202,0.015409036794410328,-0.1041271514535424,-0.10285876049342951
444,-0.0183237011531683,-0.06073625987077507,-0.02646669601087722,0.02016551874235468,0.001769113340409345,0.004197267581233214,-0.013064351693830037,-0.008012786548379128
445,0.018641975226073266,0.039596541145017365,-0.006231135103459333,-0.030602534809134187,0.02106402981644002,-0.012928007072958955,0.004170767004845595,-0.013715060992527596
446,-0.04104623076860104,-0.0002405994715941399,-0.03884213328248164,-0.007552826412887115,0.07845375754440304,-0.018099532615464962,0.013858608239346233,-0.025890380246075876
447,0.02094485796538435,-0.025940723813809026,-0.029493728479865002,-0.014988517185735776,-0.011210337015941613,0.07893805819868405,0.015565950223764837,0.04193350654269237
448,0.010259342401365688,-0.019322722116448733,-0.02063341921738345,0.0442823832161026,0.03646560680294121,-0.018687520601245497,-0.025987338501727006,-0.04710213752334825
449,-0.05509726055799848,-0.014571554755064327,-0.059048030736530116,0.011326286852225444,0.002021125177159345,-0.053779873878024256,0.02027045685219142,-0.0163121234723775
450,0.011689310420743988,0.03490857037034419,0.0371695700260255,0.11924731078229009,0.035900188595633785,0.005079780381451271,-0.0009569774229451841,0.007547019246849903
451,-0.028808241643826633,0.016603380137701358,-0.04964815325808327,-0.014504331618622027,-0.009794484842437312,-0.053015332926086345,0.08596932797879549,-0.06264982598284706
452,0.034688094325750436,0.07174979840530896,-0.03031140687574708,0.00540805490067962,0.07900470631439238,-0.01200572004185626,0.009420323094438679,0.0016388542785136149
453,0.0074958422695696495,-0.052948256719018066,0.004494723019044792,-0.02361696057826796,-0.05259375500708393,-0.02430718341421622,0.009922970960713779,0.02481239185230327
454,0.0316650211346834,-0.034848658980612374,-0.024371699439980438,0.0013393722148062137,0.005651246029577471,0.06389592459014884,0.009820780842262313,-0.0203147292770395
455,0.03173600275902029,0.07978635308277802,-0.05875732034189133,-0.010366807682387957,0.08941331319473274,-0.05771870557854788,-0.010453972385370573,0.0410096715935929
456,0.03244227949270094,0.10697091478861716,-0.029726650387898408,-0.038162132337875423,0.05401546523825329,0.004608844376006699,0.0373403910293012,-0.039343687487741016
457,0.03799087368556283,0.03312580846804406,-0.05144713412677996,-0.00963856467425669,0.06233466533453312,-0.01886012721747231,0.014806807037566332,0.00027359077162596694
458,0.043459777712760904,0.031783016871343876,-0.05428534926343431,-0.00200987407701457,0.050010573097122715,-0.017859043687106814,0.014406742918813562,0.016209581062507663
459,0.058232457305582366,0.07590344438483909,-0.04380399208052955,-0.0024643005197142426,0.0843964441180257,-0.01115410127894053,-0.005877672575782323,-0.003358013152256084
460,-0.036782293821873174,0.042197036704466825,-0.030118881833396463,-0.01102594207178687,0.020016440101357127,-0.03477891401781322,0.04256872779858729,0.06523046692928912
461,-0.1737872562458968,0.06939815003157383,-0.09177263934761497,0.014565809541423813,-0.11324845462097545,-0.0979394403393519,0.01089638161422399,0.12883929909316066
462,0.03938040337290975,0.033200392701025476,-0.064444796212194,0.03518724288633025,0.054280661370165725,0.016149055586414413,0.02106126419008147,0.031612452729491196
463,0.034183146189363675,-0.017128410712206485,-0.006436534699888761,0.004482869467455319,0.011994590826896143,0.05509342034696001,0.10495561368690962,0.001415823783332554
464,0.027211321363928596,-0.03735268133471593,-0.021571935227920714,0.039204992248787866,0.0196882318546168,0.0035140801790018474,0.08183939475603524,-0.039430513584173495
465,-0.023722900975991685,-0.019360500168273648,0.060681079523282125,0.11362441956239022,0.06733812307765995,0.02073098027343369,0.014631219158111318,0.023644687345025693
466,0.001579918250489159,-0.016511983284256862,0.010240400978995742,0.03699024850453215,0.034236822722857094,-0.00522264904887391,0.07251482999611315,-0.03384883180932373
467,0.04819394300420727,0.023734026445620823,0.020542377053288055,-0.023425569332968934,-0.004733882935590137,0.021590069137115777,0.08124752112013832,0.038313096629050206
468,-0.07149264932658499,0.029029255802941946,0.03930458866960625,0.09347606364603739,0.018415624946453133,-0.042222031887331424,-0.03711878539891222,0.033549982983559046
469,-0.00970921739306482,0.025439937825646675,0.06298052093426194,-0.05280963197319186,-0.005019875373912114,-0.06410871773775623,0.04828641914343788,-0.0632615463078109
470,0.033850828735603945,0.02940283585204071,0.014158169029411426,-0.010360026556038923,0.002248008259251551,0.03251060395320384,-0.05830467849090745,-0.025180687722663873
471,0.04044407328683235,0.11060260969452966,-0.04303851697272171,-0.005238518411632292,0.021466504346536294,-0.02759134359187328,-0.058669439044575916,-0.008141891174044008
472,0.009076089096796306,-0.07138913660056082,-0.011560144189887371,0.05224073789878405,0.0034648517906400427,0.022245074059518657,-0.02045441980441522,-0.005205553976617487
473,0.06179949740659339,0.15040633412431623,-0.05748036752950194,-0.025866625937580028,0.03719428859321267,-0.017195692666574194,-0.07442980210099513,0.025195075192105187
474,0.009454942201982595,-0.058315744847451646,0.05354121444593757,0.010241274981528208,0.035259049212941006,-0.020191690256600454,-0.0727265542482731,0.01799397925942693
475,0.018245761620017887,-0.05593844260736647,0.002710680548653377,0.012366374572087216,0.0017943453648085546,0.04355820305734282,0.05119257386816235,-0.047329139048688906
476,0.0058031651266803215,-0.010830542060544464,-0.01820836692419703,0.028834440546136417,0.023481917358026363,-0.0003203619645350973,-0.00718359656944478,-3.178293230673491e-05
477,0.03433294530622005,-0.04213379132258508,-0.029089748925238815,0.05555552881857738,0.0133253055488213,0.046315149042324366,-0.04139784872457794,0.021523691233775236
478,0.019562659909781347,-0.03175054052761776,0.02791982551443478,-0.01585940549396827,0.004518113426154666,-0.004417617872600563,-0.04420089053911689,-0.012295270884077853
479,-0.041433519227760354,0.0010822708079787973,0.03062302018256356,0.023152651104877717,-0.022038941837730062,0.0408035870837559,0.023791905296631926,-0.05283976578852263
480,0.029622227715763328,-0.020899013730445188,-0.004452285902959047,0.009420061092144966,0.04235499721588444,-0.04113926989448239,-0.0504968898299233,0.009241339115221257
481,0.025406731885825668,-0.02262009560046925,-0.031495584121908754,0.040050939293581236,0.03637506777254567,-0.018629815536733506,-0.022167617088982326,0.027508621687028993
482,0.005588792362259607,-0.0701179573423129,0.015469821054237725,-0.03924238811387297,-0.011556913930610122,0.009028127422100954,-0.040545045171764695,0.021494899764353027
483,0.022492774639247905,-0.03244349497401229,-0.026655538126975135,-0.01026454718317246,0.00039291303805203407,-0.014506421658985495,-0.054645381850709,-0.02890819769638516
484,-0.011782406775693829,-0.09748795755473327,0.019938630122650826,-0.01318044636363616,-0.029381282296994788,-0.017673039103792094,0.015208011180931166,-0.054421348920361816
485,-0.023105553050718975,0.02914312939788356,0.07952683956134594,0.09311462469059621,-0.02414436280666657,0.05566427621986008,-0.0012708131255032367,-0.014474993712543566
486,0.02116457528918846,-0.04650115686307394,-0.029384450607037215,0.033967714278958366,0.02124753463237599,-0.023614111605982247,-0.01318532657553572,-0.029700597386180215
487,-0.056696142733776246,-0.020170880863526287,-0.023869336032574812,-0.012159622988816404,0.009857649995794223,-0.012497783587108305,0.0026588583976107226,-0.01346690240994725
488,0.017900903811101362,-0.010958898278384283,0.021929660783708414,-0.04305991071213652,-0.02717003584577293,-0.027602779294897694,0.019710760895685183,-0.01128175558254719
489,0.013897921012853857,-0.02488928144234882,-0.05868336922540708,0.01669580328903682,0.021050328077524907,0.13367347391528425,0.003984608628711329,0.05924136807525805
490,0.03507062019323021,0.010090407866555719,-0.02701784020958141,0.0014687748127056844,0.06664625695233084,0.0154561336603683,0.01910819570513941,0.03799817596871687
491,0.010670176540680252,-0.07016181133477928,-0.032730040807646146,0.0723693687394528,-0.030085514449345062,-0.07648857125501937,-0.01790197853587565,0.022489088699436152
492,-0.027851856217599225,0.029318530339712188,-0.02913380208391297,-0.0018886641503617126,-0.04854040191915391,0.025359884887288867,0.0018259953398645885,0.019322136206809906
493,0.04578308669717294,-0.006279206094333678,0.019288776470183653,0.034406187240190136,-0.06578839144704601,-0.01854392519310252,0.005287725454624191,0.036908950635763375
494,0.0359522849345302,0.024301730739874294,-0.01609084520100749,0.021259519529719436,0.014289131566082225,0.006929447101755394,0.0008996450810912893,0.028778229099084944
495,0.017113226486187818,0.0006540669734773295,-0.035752986930360844,-0.00027176443679922507,-0.0026897916667696867,-0.030549855974807798,-0.014816687487699862,-0.05713292290468896
496,-0.006172020978655755,-0.05307398099042913,0.0334317794156868,-0.027600254379852706,0.03168891299135787,-0.002626782544676349,0.019632427248794576,0.024553158893901476
497,0.026025463556395834,-0.04171449002411086,-0.014787641098828224,0.0008418172478077536,0.026663273778037063,0.02827864566132617,0.012997008080779705,-0.019920005597697712
498,-0.04772837444730338,-0.011574518976091991,-0.00543647853728952,0.009773745976755887,-0.031276482526250995,-0.04287736197547296,-0.006018960201778212,0.02460832498499162
499,-0.06365548255604996,-0.016705291420026445,-0.02884852343683961,-0.00843887900323764,0.007143422008667643,-0.049704310927966455,-0.005717853152594898,-0.027723018001356927
500,-0.003439831915996424,-0.04904751894634423,0.0046237857909175424,0.005941176997602357,0.0022625169653554874,-0.06583909399133156,-0.10556306805210702,0.0508320437500825
501,-0.028747503619202596,0.035974828304458424,0.04050470599904858,-0.05670738240989955,0.04041150510419318,-0.004934845736709443,-0.012667487925196737,0.014777502872925985
502,0.017899566019452577,-0.005699875958030828,0.018474740321506936,-0.06750517605907418,-0.04518390701182518,0.015349682933389829,0.04996620778369619,-0.002129152472927178
503,-0.0840696223078916,0.0036999630618272123,-0.07686804966191009,0.04493047696051256,-0.06657266316389399,-0.016507631742405063,0.03234989649258047,0.05918017126956026
504,-0.020703328518922034,-0.004666380115560762,0.13438586107395242,-0.10542912788451539,-0.04034513363703712,-0.060821262097621946,-0.06880802386820047,0.06545692639960447
505,-0.022181684944246303,0.018068493001414578,0.17219263300521612,-0.05210061699861701,-0.008540091696223877,-0.0718083000564873,0.06596647274497029,0.05650550369787889
506,0.008970960256327723,-0.013941574664327886,0.026016873934013335,-0.023572164182192486,0.024919634762490844,-0.018941633125634565,-0.06054556854713609,-0.02512014595984559
507,0.007311026499158134,-0.003933610747072922,0.08317338332433685,-0.06812612909086486,-0.00702108760421629,-0.0400550927613854,0.022419429484436246,0.0718305521431943
508,0.006519030453815915,-0.05747065537045874,-0.01712922653015179,0.008487396054730695,-0.042964315674095324,-0.011315924345002145,0.05073539937871095,-0.03439478652804019
509,-0.046809688609454586,0.03084203638791301,0.03764413108170074,-0.016433725008916874,0.047199243924456805,-0.03530599565453305,0.021954789093243245,-0.06274328076766121
510,0.012250481686242288,-0.03506765279544264,0.04851197116779883,0.06752377638693752,-0.014622725144309841,0.011036117581729827,0.0029030367321541133,0.026697679747889672
511,0.02837295646923548,-0.05142221391397114,-0.02215156931248184,0.03175154946552932,-0.04799740888130851,-0.0017253996038168462,0.03747073271354701,-0.026827345187879117
512,-0.02993479267056335,-0.021335638666133805,0.028031350941549953,-0.04237857395211503,0.04936890556750063,0.005067007812081447,-0.024809713832625868,-0.013743132712758272
513,0.0077149388573298965,-0.05698141364861161,-0.0024943155301895142,0.016502947081349896,-0.031850919738598944,-0.01230497906710201,-0.008058083679608983,-0.018960788093921575
514,0.00415802534052912,-0.01883240586822899,-0.025433861082578932,0.014808022498214892,0.025488487528857576,-0.04443978028476742,-0.015118762068880404,-0.02309654320887997
515,0.03010357495210426,0.0045929627298186325,-0.0005462251026764755,-0.05036270999200248,-0.028895946168450173,0.03062504964046203,0.06019831403471242,-0.04175157611182786
516,-0.033675152397055624,-0.02245956399087646,-0.03162995772844049,-0.022404754795912668,-0.0012912841732286723,-0.016101903335960756,0.011583916742531848,-0.00883717620272269
517,-0.04681905251733869,-0.03548839839986126,-0.029293741569230473,-0.0025711190036135753,0.0037489391301843466,-0.039598729029850586,-0.013865327252400316,0.006433021886829486
518,-0.002964295094407242,-0.025741289942635703,0.024714821382332556,-0.053445836051999165,0.007784058343190066,-0.07648854225989578,-0.07956765106533621,0.03969238949213594
519,0.011135128946160554,-0.014263212727026388,0.02251057541585824,-0.041830651870485146,-0.012754135755822604,-0.016239561366461413,-0.050887802531195785,0.02509666498478243
520,0.02010382517176196,0.01964445637326837,0.07616173085878497,-0.13378334132152278,-0.0876239486343222,0.01603536074044641,0.08013783192659622,0.04231404261001794
521,-0.10378532683358295,-0.017358997508826798,-0.05071323664088241,0.005050402487077867,-0.03501969343254453,-0.014529732680149123,-0.042220316649309586,0.04986082643784307
522,0.05024677859867127,-0.002965726201025844,-0.019914597377080408,0.0017149912377759612,0.03952433147956663,-0.010852559930591362,-0.06114787064127242,0.045902267397892306
523,0.004562482370315663,-0.009294882288171893,0.009644612297364607,-0.02126356030520625,0.011810207719516495,-0.014736323732800467,-0.015426623428400987,0.01850063588590261
524,0.029739523189552697,-0.022568745208637803,0.04445203398093497,-0.012371900070759443,0.0182901219359774,-0.05108833535758349,0.01258294974262381,0.03220859494704558
525,0.025425774570435933,-0.05782961179809609,0.07093387218411025,-0.04564398538487729,0.010291092818453173,-0.014247189075810565,0.029974258566057,0.006144533831173409
526,0.003804432716387085,-0.05067062415315271,0.0012275300996571247,-0.045763390709775184,0.042777553679491,0.010275480383308548,0.014332998328971999,0.008338445942630206
527,0.027886192562611344,-0.07861580818385715,-0.0016841750681944568,0.0028552429002405336,1.1186917336448252e-05,0.03316904727370214,-0.011506947151741331,-0.053281216075454725
528,-0.0045708875796642056,0.017115902300538034,0.03499259487135504,-0.027047366875431345,-0.08827344066605998,-0.09710659943326445,-0.08694750637877653,-0.1155685453250889
529,0.019665027354094138,-0.0625333674747823,0.03333833964510604,-0.03714666183803363,-0.029751616359090374,-0.02357575625788722,0.044784701270270275,0.029753728010995087
530,0.01718158729172264,0.009261457125768409,0.006724274923169277,-0.028477900946431222,0.0025493062692292113,-0.05957042883838523,-0.06089062500107226,-0.04252101874229388
531,0.016301027325351887,-0.016679791954115637,0.009957183012188288,-0.03440184900552246,0.061173791164457904,0.00301048991431742,-0.010544698461847593,0.002704235085492656
532,0.022930060633931982,-0.06112335880508695,-0.010757791918508985,-0.0010835130903540438,0.014656962580610706,-0.006263831809293507,-0.02089432852101424,0.05455328502597157
533,-0.03641764671953619,0.02806325989529819,-0.05644024371033408,0.021902775399786075,-0.054560357784874516,0.04044215897997706,-0.03285925896532102,-0.019496104576024048
534,0.019441580042737085,0.005133802391050841,0.028023972418032554,-0.003720486508381214,0.018362610608592324,-0.04491473733103409,0.0074064373804132045,-0.08400855640558849
535,-0.058670870690052265,-0.018163813916680212,-0.04014975812101909,-0.00897948498319553,-0.024682119650666037,0.004916378466135104,-0.033223896330203874,-0.018374039507387207
536,-0.00583860241385506,0.02185224109557728,-0.011749923735305342,-0.010452840384109192,0.038470581289019236,-0.015387796957294591,-0.04756942443290011,-0.1126885531272958
537,-0.0027089518103997523,0.05309736455350219,0.04569551394277419,-0.0812193632568292,0.03580711327540663,-0.06499859473899607,-0.012393365918821973,-0.027379099346196867
538,0.0601175163566664,0.08459489476197894,0.0318389974009601,-0.031426766304135385,0.048652526987680814,0.0009166884191294736,0.04175724372562241,0.13253856057779634
539,0.013769393724701455,0.08041489365740397,0.09463850687069059,0.038418141879607154,0.07145356284745952,-0.0027778547774395647,0.08118441539362543,-0.015648072329668507
540,0.01557518935912236,0.011056340672985769,0.05493045685126492,0.00010149940969266292,-0.030231476027633996,-0.05137576531186311,-0.0127246432692512,-0.05560725519473657
541,-0.010443179568943755,0.02051038888216085,0.009698808511155529,0.028823757756232853,0.05231867451865902,0.03260391431178824,0.011220232164740591,0.03269268653929483
542,0.023392784841210424,0.03947572498780769,-0.061011736724395214,0.00973249789425442,0.023408667571212724,0.027990830950763892,-0.026654133143808646,-0.017069701903811522
543,0.03939910003451471,0.060884011430582474,-0.06768059901018658,-0.006011741846878683,0.05765724530681941,0.0001922762165761151,-0.019362883819385238,-0.0148812528902519
544,0.014963301480426619,-0.008826566637786653,0.002923277222291864,-0.0007275838650005262,0.025020179816568597,-0.050554654405014485,-0.03343816163665893,0.07430164327850153
545,0.029386718313234514,0.02781504221773479,-0.03650373974711755,-0.006411892718616736,0.013385304402406345,-0.0007137980120641347,0.009761147229927995,0.027908225565432734
546,0.04569678248567137,-0.013629019770056695,0.007830135344422359,-0.01726228163061989,-0.001480757089271483,-0.009122704871298385,-0.030181212904330908,0.010459769070682155
547,0.02501727157638855,-0.007001101918497085,0.048412820025597034,-0.0001529860365946063,0.0017472879443608967,0.003110088306441803,0.061163387813613225,0.005357471003568934
548,0.04548489480302737,0.018765903789969215,0.0051426826690969315,0.011731355076573224,0.01256926655344196,-0.00856156376303417,0.023748271869117075,0.015272247744591615
549,0.041783272601074596,0.0755764375648329,-0.011450632083354196,-0.016734803423457855,0.02308259791031784,0.017975883465714656,-0.023447745453920796,0.038493854907198
550,0.06379845244666074,0.038859490333382776,-0.01287314975078693,0.004494093914046142,-0.013473234797925124,0.00898119251665876,0.04552492066248869,0.07265659303849366
551,0.03377160896224597,0.04348910028377144,-0.014447507916755049,-0.016315351838119937,0.004187146338553657,0.05471073608274175,-0.07500480030240689,0.007615962841382462
552,0.045706367593054284,0.07033487645019806,-0.059149857850581404,-0.009955277156202317,0.058277179334938804,-0.0035914809274316573,0.08649652321920048,0.020543757920621616
553,0.051700497560595374,0.0725970755760051,0.009443467934338737,-0.01373567019406168,-0.03442980697857815,0.0009334960826002811,0.04310336314506959,0.017620573303817617
554,0.03527976603314512,0.06266993802688242,-0.04220289867288249,0.010452776605075632,0.07214627829318036,-0.0064258454788707845,0.07562921861726726,0.0023221503495478055
555,0.03241201397292633,0.09331094515667115,-0.003120895335173982,-0.009060176487980109,0.052205251960639056,-0.04092681262410306,0.06188584822684113,-0.060883008316313963
556,0.049277322004639273,0.04794169307926105,0.01832425588944958,-0.04362828326789986,-0.03444799731830718,-0.043722533043340193,-0.002061136395404987,-0.015073662763226275
557,0.06654128723988627,0.1335442106928439,-0.01818465967069441,-0.029978825164193444,0.026571293753251558,-0.025161442979969598,-0.00639651954632799,0.04646120699908411
558,-0.00033584427460111015,-0.0001283893154371438,-0.004071394615009248,0.06618398272764067,0.023757975669756567,-0.011601851122425483,-0.015770447077662137,-0.030032283929079532
559,0.015810657074492484,0.0673744464347545,0.008034475026530184,0.013985519819137145,0.06693225875960301,-0.07454509127419892,-0.03820709679626223,-0.08315162539011925
560,0.011520870889303272,0.05134838952373862,-0.0212631833766917,0.0013290755856678498,0.03326306501249138,-0.04292994328330467,0.0007260108655841364,0.03653445256118726
561,0.06579068283811879,0.1261116575578311,-0.053829685918015104,0.006637549419895449,0.06699532358250965,-0.09337342220315506,-0.05816410845654708,-0.015132303282666938
562,-0.07192816478369905,0.00810062251683914,0.04308783416549558,0.01296454617550336,0.13023610408852454,0.060080664215969054,-0.010200327418410992,-0.033873848980122453
563,-0.09859230921446023,0.016118654912706105,-0.009497280355974065,0.0061735206642278525,-0.016049843206728823,-0.02657781848143294,-0.023180898686908473,-0.014777399311863967
564,-0.07676146947150372,0.015829546771464486,-0.04926575428149923,0.0028674544716500864,-0.05426392617484788,-0.09204176104707368,0.03735270732392549,-0.0410839198343053
565,-0.03787155733287305,0.05769669199437857,-0.0704284497226259,0.010242481607184347,0.006860780097803399,-0.03641909682245377,-0.005860728595147872,-0.02588555699816172
566,-0.010466742191165685,0.03475000532069639,-0.04517564956028687,0.03969616229019682,0.043996539316072336,-0.014842402610881253,0.02288907902955984,-0.00038292533672841316
567,-0.11679469793277444,0.014475933202607264,0.012673638125105394,-0.024637405886747763,0.05723380136939855,0.03688903739191672,-0.03516925841543015,0.006751006235166481
568,0.07694590906815833,0.06509106910636267,-0.023200913288350493,0.03530785370808107,0.043796636372976,0.04262697248161524,0.04174689819229451,0.05594750880471181
