,0,1,2,3,4,5
0,9.192836826423273,1.948583071086326,-1.1231661407031717,3.633731251988836,-1.1951097425015973,1.4114228157825466
1,2.3878017954970847,-3.768171742787671,-0.5292927137114706,1.1182635150521858,0.6217743951085641,0.0286576241897749
2,5.733896279989469,-1.075173795811177,-0.5517474715036946,0.9120825286392149,-0.17708548314366604,0.5414517076198464
3,7.122953198788888,10.275589125133022,-3.2327893179113416,0.15254719059120167,-2.96087614251431,3.0534210636992247
4,3.9353020736470237,-1.948071567882222,1.389766650872358,2.9406396034432025,0.5467473985418492,-1.2264948175505852
5,2.3802471503352804,3.949928895405682,-2.9348767667235327,0.9410369161709634,-1.0560420744026966,-0.4510394657032362
6,2.2388833076112964,-2.6900312784229627,-1.6399130232100294,0.1493397590809004,0.04035862530709642,-0.1289477346664598
7,2.143298500493708,2.3402440073462203,-0.8719472693690662,-0.1270427169574499,-1.4274363873726799,-1.257039359447752
8,3.1749242937476025,3.391812953455337,-3.1199857436961573,-0.6012968940428348,-1.5222891169100348,0.559543400121252
9,6.351746788947001,7.7271740650121155,-4.341915888868306,-3.375201688753917,1.710261795937468,-0.7239091019588849
10,-0.8104137703498218,-2.659275496519088,-0.48882972103440214,-1.672566329860556,0.27581265360237045,0.12733121928749308
11,2.651100477100436,0.06656792599223788,-1.5264552942753185,0.05126162538969353,0.331950678378063,0.7648655763911848
12,8.185034459097709,2.70097649583168,5.730230824985495,-1.1122562374227647,1.0434728626756977,2.594573062671461
13,0.34212591385983093,-0.9682792611618821,1.7171715435501889,-0.5950029720630813,0.46801029837449765,1.0076604414981818
14,4.34237919469366,4.861083312571472,-2.816115519740159,-1.4545571561743693,1.2900630026296573,-0.3497157518811013
15,4.075656174624276,2.9770611784940235,-3.125274297337659,-2.4580709032332964,-0.4083437522565205,0.49577801684110206
16,0.2300550156473071,-1.5647577256380323,-0.8025191542545298,-0.6505828472633536,-0.4947112685971882,-0.7621916205739554
17,4.418010916355575,1.4186703344179477,-2.2703190104530426,-0.18627216404635824,-1.423860275850116,-0.7524895115911914
18,4.948703549132197,-4.114333528987148,-0.3147493289209874,-0.08820694280269586,-0.056718366865540756,-1.1376882910504618
19,-1.2370633571421756,-0.188214954256539,-0.5932835368273572,1.5963460259353184,-0.44215460923842087,-0.04863642148387539
20,-1.5781612342325764,0.5728081940438852,-1.8014466080247236,1.1252759185971488,-0.39526849052845026,0.4308407086988969
21,-3.5573363735450636,1.6629499035487145,0.45118749135694836,2.0737645350381744,-0.49074653958608216,-0.7700683057878273
22,4.733210788409797,3.304963728649506,-1.46653661020578,2.041150028728216,-0.026219753602019846,3.0230434632175522
23,4.208524208074656,-5.128366516843873,-0.7524021540268151,-0.8627106392193858,-0.4709700285142746,-0.5958399145299252
24,4.949632072624501,-1.5437522917769957,-1.7131941721916415,0.046758958004918263,-1.739233173847846,-0.8128795460759954
25,7.0985628548012105,2.0186103367309176,-0.029009684567821128,2.587950752149785,-2.0393401259098662,1.1842011154580554
26,3.510262604477363,2.1716251166533653,-3.8945462740093975,-1.2957596214823357,-0.06821702586426528,0.7873564372200603
27,3.0640538857376303,-1.8765523485041007,2.5817475797656213,0.12848453069450666,-0.11666574527253708,-0.9075947697433192
28,4.007264143318907,0.5372421594151457,-2.761625717827194,-1.8983872816278489,-0.5256737272950489,0.192847584847734
29,1.7153097266461579,-1.5237050226852016,0.1461870785409377,1.9113866056921107,0.5361234679052805,0.036259455048651516
30,6.059445513083672,-0.7571774519838178,-0.3492395089709489,-1.0642174142061207,-0.7461061635946253,0.2420799666782509
31,2.9022361043249503,4.0052955104524335,-3.001462598339612,-0.3253162468373388,-0.855357455214896,1.2346784690010433
32,4.554782688429071,0.33753615282755495,-0.7543008545190111,-0.7003299787988645,-1.5485463077786696,-0.1910082159332111
33,4.990602721915758,-1.1325889066820032,-2.5773843210640686,-1.2172617598537863,0.6699137079860016,0.26747927950393346
34,2.985340789137395,0.7584232427195257,-3.493761660815199,0.05426048597023282,0.1671001572588986,1.001784977736156
35,2.766369158581213,-0.35435594006693627,-1.8969629056000816,-0.5342553722461808,-0.8840187753351377,2.0110343265895168
36,1.2961987647216966,0.9131962753629083,-1.5757687559858868,-1.0431665428678532,0.4147210360444323,0.5685947479248501
37,-3.7493133963238585,-1.413473118482809,1.732307774020511,-0.5654429090793051,0.08033857578777705,0.2902697015249644
38,-0.9980689007954616,-3.351292922453661,4.305573727944667,-0.5612088519025693,-0.464372762155019,-1.4944583628296793
39,0.7652641144868374,0.8862439506442445,-2.704918460765289,-0.2747802452522686,0.8104275680872394,-1.0373490337446514
40,-2.1509534707650033,-1.9239916162236792,-1.1804841348082091,-1.1131980787045441,0.44847160418574245,0.9291121895179675
41,-0.09333138643585141,2.2607520063494273,-1.9047264603186178,-1.4423072079409094,-1.7053635917565895,-2.1226377740868942
42,9.087999676211105,2.018673096512483,2.1412260446125004,-1.0692441083940154,0.7979292159389642,4.311094522127501
43,0.9904537657228508,0.9849300210152315,-2.310733622173344,-0.27682533477036897,-0.6405105435828852,0.2427809748675764
44,-0.29354655035988003,-0.1370990892061491,-3.301931801980538,-1.0097856936082055,-0.022509738010197056,0.1101453112038565
45,5.380940406202967,-0.1348769792836102,-1.6788427265438195,1.5076947998497803,0.1519966055969715,0.42390541781111163
46,-4.581936671545158,1.4842203195381403,0.04207476873311799,0.2962291092512493,-0.7138511367601001,0.5759265775104697
47,1.7000068867586375,2.3522717934715205,-3.078089071507963,-0.06602114959083667,-1.0564666141986485,-0.28210923702106383
48,-2.136445277682248,0.09582960850892022,-1.4924120132551482,1.121063288101174,-0.06803803796235088,-0.6934915271106895
49,-1.567478996977194,-1.208433213438057,-0.3691590332298202,-1.475628883508459,0.17275091322003108,0.545283861869628
50,-3.5429055577693056,-1.2824955792286914,1.0182108659390798,-0.6081562004191191,-0.21963660356445555,0.2662477064845653
51,-3.1578140495734557,-1.6889585939754062,-0.49629361229067925,0.1940122197396571,1.4399189154894416,-0.2565388478944784
52,-3.4504885436735595,-0.49821871456822153,-0.15251797569976894,0.5754863009286498,-0.05231521107507819,0.629891258899334
53,3.302550951393516,-1.1309378048198704,0.82639260818932,0.9827170429802742,-1.1952630133857631,0.7078494069038723
54,-0.6746192858172361,-2.1164097176450887,-1.396219798158097,-1.0431388121551186,0.24181633257169038,-0.6566543570690585
55,-2.858158440519571,0.15272313490367828,0.4289348620372845,0.48306024140630954,-1.5105376739722178,1.2788638210001038
56,4.648738872306547,-2.310332570546006,-0.7288088475433641,0.6399415253051053,-1.1583247741214515,-0.178591601865217
57,2.176862882467479,0.9721160463427765,-1.9438882122845398,-0.7373182620525341,-0.39578352358391183,0.46233263788579676
58,-3.7214589936512446,-1.7876416526023984,1.2799326243314462,0.11556577382447067,-0.5262840786312794,0.7057401319934604
59,-4.135962942728779,2.40379248885203,-1.2429582262248486,2.048346526683003,-1.1656499796663606,-0.9010586929953114
60,-2.385835664924533,2.757658124869692,1.2140852693442434,1.7944887413072828,-3.3381618160966724,2.5407853246293435
61,-2.578883252230325,3.138671922204315,1.40028014937105,-0.7638666053545818,-2.784096091611261,-0.8157356010030403
62,4.759112153359822,3.0116805052672095,-0.16624086791657197,-0.6058277963397541,1.1417003225419944,-1.2200665861132935
63,-2.3141322496783374,3.2679896785157134,2.7962242327855518,0.5657260543283859,-0.3818346787234677,2.9582846965585228
64,1.691607922813866,1.5406765563996663,-1.7998453117295619,-1.390589656507833,-1.212675708683037,-1.2432103833444546
65,1.8123054056037935,0.7227401927800856,-1.466249444900029,-1.1987299493908126,-1.4280403042413898,-0.7280628874628423
66,-2.7859247560103757,2.3106487139996115,0.47272544176112874,-1.6071602464827663,-1.6128567180840025,-1.1895735714689737
67,-3.5186483399423767,-0.6583094699783063,0.5913748935061047,-0.010802766701666985,0.020588527910752323,-0.4057092450064918
68,4.330002649036549,9.202525685711837,1.492962865753699,0.3199471345138463,4.728170402605074,2.215764456019533
69,-3.26127947329708,-0.9378381217563009,0.205129913516113,1.0900714106228346,-0.46035107839822964,-0.4343287149830714
70,2.704596172037503,-4.43714177126134,0.3073452786162444,0.48869284162649884,0.372493695276457,-0.29180091581142326
71,-0.307855770596169,7.387812176200383,3.8190859836152042,2.1335559796903873,2.710702196969779,-1.639759846468276
72,5.503705313650869,0.9383254107360548,-2.2101319313488563,-1.523796397810926,0.924887936890418,-0.5400610159451309
73,-0.3617091930479555,0.11973908548179595,-2.0409558654718762,1.0588838994037812,0.7571086727584919,-0.9204472349597194
74,-2.629976638613449,-0.6973093689132346,-0.5839416171566841,0.3381815510375788,0.4675452662363332,0.03486866625069202
75,1.4281675926119934,-1.967101412416354,1.111938757461811,0.752910973937088,-0.5398822965310394,-0.9955630807768925
76,-0.8345178826011068,1.9656048609611798,0.790432357718715,3.4376310475631913,-2.3545534621197413,-0.6131019241337982
77,6.230896512535328,0.9200695445759985,0.08982745131161786,2.539158846679449,0.0621372213877212,0.6834708888654237
78,11.668714648590528,4.748617203063898,2.0058789734886227,0.3190491846027726,-3.391359999726027,4.8808005674366095
79,-2.0215776584031047,-0.25489983397254934,-0.6478720209530484,0.059251404863671024,-0.05484778070386744,-0.07241405121977745
80,-1.638384936893726,1.7159491150216397,0.43420632445295443,-1.527966036793006,-1.7693806129390541,-1.5031913197978606
81,1.1674616111369895,2.5145158501480687,-1.905718731093822,0.6383115449658012,0.23618122485179494,0.1381333771675692
82,10.76924281999592,-2.2579828959544828,0.03883587667204618,-0.3893853737898188,1.1872902871554842,-2.1881599177318347
83,5.034811086131577,0.7744091582969818,2.682338171417318,-1.6665041557021663,-0.3116182808542748,-1.42254844622026
84,-2.174464309560112,0.4968779846657836,-0.9490918139264515,0.2072191931155678,-0.8853460830080817,0.8830404087385879
85,3.2882353848181975,-1.668237061814065,0.14693184077930635,0.43749315964546626,-1.3685697144574351,0.9680272677972136
86,0.6076079450454795,0.1622145246744263,1.6373748220509217,-1.114511598686605,-0.5407955024858067,0.5678596220463644
87,3.5835636253332144,-2.2066618411373917,-1.704535725762726,-0.8012938278182857,0.36532033800700586,1.561463207403711
88,-0.9341581042671795,0.927701481255552,-0.04016362660002461,-1.353398956741206,0.06494247178352579,0.2238997225818386
89,1.2596046469757383,1.0155770691534465,-0.08059289839995826,2.051334844086225,0.13751944984053874,0.843040599225083
90,-1.5882639723201275,-1.6196568287353443,0.30999917242557384,-1.0919989254906288,0.05377383278943334,0.32580488665989066
91,0.2524975676624568,-0.5313515468552011,0.5893278912418813,-0.11053850621485553,0.42868144686557813,-0.19963431328583045
92,-2.847431586929853,-2.893647599289871,0.527988807736267,0.5988167502684828,1.43569642713653,-0.29236756495785426
93,-1.9649501128537457,-0.96515698791126,-0.08120810742928346,-0.09408063390094967,-0.5500237398610217,-0.3213966630377718
94,2.7758655686477454,0.5580005259177332,-0.6057713159729868,0.4998299770725836,0.49990486852086125,-1.0676466532110973
95,4.396227954711781,-2.1235077121719192,0.5795100020798911,-0.7774132900288319,-0.30383408636390735,1.7851246553697373
96,-2.5920828284084116,0.2136339283451859,1.0356114255107112,0.662005176804983,-0.5407656702289715,-0.09693745125233758
97,-3.9043381503950285,1.1900666330034333,1.5519811544124569,-0.9357753999550249,-0.7081210670874084,-2.354004686829246
98,-2.8182312127675626,0.3678839825710787,-1.3514355755812175,1.7384149130141382,0.2843223848150222,-0.4312820588407008
99,0.6162808700636235,0.638911669509011,-0.19991882361720006,-1.0974988172006148,0.11869030229270475,-0.8539386440633784
100,-0.43286022113559997,-1.392044300013428,-0.08271952371740707,-1.9352798545572567,-0.03446133874232624,-0.5963279956275586
101,-4.555028840342571,3.528786018149359,-0.21526391864971403,1.09188560434462,-2.7583487616555638,-0.9004924262885241
102,-3.448183540624163,-1.4246224544803756,-0.08872386364583279,-1.710727761359183,-0.10661542950067,0.34323906474687016
103,-2.1159602642868607,1.8493736043924986,-0.5566740209199229,-0.4643566202575893,-0.47491479421300986,-0.9919180654140692
104,-2.6913522056184784,1.4200617382919511,0.9691506477132673,-0.0028597275756769938,-1.2565197417789988,0.9415794959411794
105,3.2139167641898765,4.046756219869601,-2.7153846135254747,1.328625175567403,-0.22167544172960776,-2.20479496033389
106,-0.749271356238831,1.7976385173621496,-0.5683657970787167,-0.5604989887735123,-0.9330957366637584,-1.6101867180184006
107,-3.159006036338069,-1.0357494241220995,-1.4906839394563787,-0.5931681997477573,0.5140881341349441,0.3599151477851916
108,13.056121858599422,0.9815132262607748,0.5988126749344341,1.4729309451605184,-0.5999132761064288,1.0217591358854605
109,-2.2286798130038683,0.6674106380259645,-1.0915603174511956,-1.078301674700149,-0.2991279920249002,-1.4408744044439319
110,-2.492831036111665,2.5986862665916313,1.6697254669270194,0.6334859301908454,-1.1567485844593686,-1.0964080495935022
111,-0.10335042594627038,2.2801435380547908,2.109562903074565,-0.3518459156585256,0.6224829234999638,-1.459986955219715
112,3.5912941191221672,3.9263331562889308,2.0470067618637464,-0.2317660433366926,5.465264838564655,0.8338564600174717
113,-1.3489486825610497,3.556225101311727,1.7321913728136809,-0.04699072434748453,-0.3452504338220291,-1.2628880673791696
114,-2.5101176750461347,3.2513195051327095,-1.68762425509675,1.1899612297600455,-0.45558595987988765,-1.707941393313855
115,-2.0460295727078024,0.3048848664099169,-0.5338387748283008,-0.48984184542975556,-0.06791259369933175,-1.3389290138900192
116,-2.0970691685370966,3.667095885643658,3.6322006931770274,1.5397871687268045,2.236531670066323,-2.295707781592734
117,3.110527693241242,1.5693895559681534,-2.613936181456083,0.618467720357206,-1.181779403650888,-0.7682303079231828
118,4.956725569116241,2.384846216632913,-1.9351072842697008,-0.6108414463028567,-0.14821158230308176,-1.4938047956492138
119,0.8510142626710929,-2.3067353676500706,0.5674618977145521,-0.043625105036683404,-2.094046513904291,4.979535397967538
120,-2.9659992062208014,0.37150648362728456,-2.0665330972043257,2.0725062970782577,0.16303862703892066,-0.43838531281203375
121,3.334133197896589,-1.3255573543786532,0.728013620052306,1.0031986558984642,-0.9337071381763566,-0.5801233084653861
122,12.894612135672373,2.3166224689363526,6.328697382427987,1.9422042754542768,-3.1602240945652817,-0.9470550246458639
123,-0.7707436774596088,-0.06410921992421584,-1.1344087828116038,2.510463136095148,0.02023717773334169,0.18085254269947185
124,-2.202515523675721,-0.7356052299710566,0.2670801366285426,-0.03761959654000804,2.934036767292915,-0.24746759633984294
125,-3.1434122455622555,-1.877409026628794,-0.6703690584513935,0.3033319949533991,0.40806954901534204,-0.2271199632438634
126,-0.6388804997491495,-0.9113660282687437,-2.14272413680441,-2.1409155674072227,-0.429139289104512,0.14888213672976575
127,1.919133421975399,-3.5380823702584605,1.2549243628393711,0.3359990748404091,0.5890675332639436,1.4685282319807835
128,1.4088683636366017,1.304929407102563,0.6414288283299322,1.886956346369161,-0.036251442375088566,-0.5342971593117712
129,4.643691316825653,-1.4820171688656694,-1.1706804657855747,-1.2186055385245331,0.1780729726385245,0.6786609593218371
130,-1.8774673634189056,1.4232306445884997,-1.0708121616866153,1.7093330315547128,-0.8845486909706484,0.6546272400248463
131,1.4320694259713198,-1.0496039513020627,-1.2620114926203654,0.5331889937295605,-0.6266983811325118,-0.785916017814203
132,1.3526270256218418,-1.1541414712236735,-1.2097932591576634,-0.8281062869251483,-0.9868068208639055,0.6869744504332821
133,-0.7091148316283835,-1.5682323233429605,-0.6699940617382835,1.6872639312690325,0.33931503019124243,0.24635851195402625
134,2.1714160184396443,-2.82626072565732,-0.5621075162580771,-0.6608314255876087,-0.47496980604209077,-0.38444663657964073
135,-1.9768403547979532,-0.41938744561784924,-0.3805750706583545,-1.739460149150486,-0.30863700698966856,-0.7122804198920963
136,-2.600789504356122,-0.48233546847902836,1.872372635593701,-0.438018209011166,0.016081990649739974,-2.0410100271036007
137,-3.2580073591786918,-0.41832140517750366,-0.6918055139572499,0.6598535591369935,0.12156673838287385,0.06728804392165415
138,3.782026453920694,0.8603815930503054,3.671000296237655,2.0478202927148557,-2.1837936514770746,1.474236558736815
139,-1.992034722067617,1.3293551726227795,1.1352446349720364,2.0464331212836764,-0.25212779003427954,-1.757083762889685
140,-5.015008690095225,0.5746999788317089,-0.8424381702509807,2.1696626665880303,-0.8820024809810508,0.9319354725518272
141,1.3450204374276709,-1.2747709569211718,0.5558434455511975,0.5748716692099816,-0.4708498811454737,-0.17410029213567402
142,-2.455968810513019,0.898455292727316,0.3531335107088658,-0.36799158623700784,-1.1042864009552038,-0.7788871926493446
143,-1.8372816686162412,-0.09102676292003885,-1.445280717444854,0.6725487963674193,-0.13619694328572401,1.0742416460120345
144,-4.346489712033103,-0.8935722657125004,0.6392560711069791,0.42562705094884046,0.9564427297960186,-0.09919915895825358
145,-0.7328129168845497,3.702182380714283,0.6585048579814351,2.2361273080120005,-0.33646898284754023,-0.38253685132996024
146,2.399997843948287,4.837988821544854,-1.0281568112517288,0.34291675601873645,-2.391871090612675,5.134227318258859
147,0.39309866378437613,1.0830680626096432,2.2476054443356253,-0.46185859271167046,1.6916283120730473,1.5552205532324792
148,-0.4123278127885119,-0.38963131717219524,-1.0457703839844137,1.3662456221611812,0.8635070966107637,-0.35236012931630084
149,-3.0499249405494946,-2.2377845225727255,-0.4694529991822353,0.18277476334752388,1.5758457956746887,0.4088012315045666
150,-1.4425637326774445,0.3058704466480587,0.5515476481798556,0.3560737216197191,-2.702921307297387,1.4997088902042044
151,0.08318610244622172,7.150359799800212,-0.06000999937143563,-1.8030820721967187,0.7381123651535192,-0.5642190714335475
152,7.09330671446228,12.573194229649827,7.358708033061101,1.225342068165977,7.490434457116943,0.8147295417079946
153,-3.7434045430730953,0.2505015265714061,-0.09738325037092012,1.9321469932227775,-1.0435917231405774,0.15421802945731
154,-0.969172813849968,0.9449443038871373,-0.8908111934850211,1.096532540212352,-0.6135013295313856,0.9708905898199666
155,-2.418719907845599,0.005552413658527773,-0.7983803163175535,-0.07089211883102077,-0.07730926757626923,0.8655066544460533
156,4.100787726638266,-0.37880381989640227,1.4463175306606764,0.7023686646699382,0.0006650560962093412,-1.036096740907811
157,-0.7516030051218394,-3.070648657346949,1.4491817241389144,-0.953425709106128,0.8919296647073527,1.2972365522049676
158,-3.654646528213413,-0.6746487418174248,-0.906985965918893,1.5111612633054194,0.29381218939929354,-0.4139518355719545
159,-4.680211575521463,-1.103857246207005,-0.25730811154374433,1.2464759857849954,0.4146194444343605,0.1534153902685113
160,-0.5977817672624206,1.7856508731998604,1.481735799769091,-0.17787209235335172,-1.5892279483093004,0.5892957512907998
161,3.3873307641815673,-2.911037108460885,3.007237643165102,2.828287759024481,0.508345572076034,0.5893897722493716
162,6.1498861889963505,-2.0176527576630923,-1.5661438375112833,0.9716459515475053,-0.3363722588651723,0.3437234691359812
163,-1.3250313468812804,1.4692940250364517,0.848421402548422,-1.1427664388603522,-0.04782137645077025,-1.891632710559257
164,5.494152798185844,-4.165829303976074,-0.6012606238006435,0.14969955699742057,0.6255675211310512,1.0430390424776637
165,-2.997403206898652,-2.7388610512811296,-0.1611837461382525,-0.4131697036294568,0.40554664120432876,0.7240923094670992
166,-4.386732720987372,0.006872281808345395,-0.9481082237706852,2.7980057591499343,0.4457311861506799,-1.688082075322826
167,1.213634611841081,-2.039038958331536,0.9806961299829964,0.2389660195643699,0.08576800816883173,0.6266565723094973
168,5.069661080664258,-1.7851523365063966,1.1736468840108574,-0.6937326302410431,0.6486537108681354,-1.9783934237654346
169,-1.9777014395000148,-1.8427794203078582,-0.2773597380404781,0.5497499222880925,-0.20689599143800233,-0.28386443675155276
170,-2.5148764190979622,0.11425229830651974,-0.4966227966736394,2.354347004886921,-0.6893754031096052,-0.044258702020473065
171,-0.9474878921857813,-1.684753547761536,-0.35118644541142374,-0.5772106608801506,-0.3415430959059202,-0.4226389448942969
172,2.8193683428103116,1.265103130115923,-2.1531443183618717,2.7084589724389665,-0.04004606916317961,-0.566274689754297
173,-3.483986298643591,1.6196919806654708,2.6754693529491607,1.2536134245288186,-0.5989828764731344,-1.3438763781843805
174,-4.658729578790148,-0.2229148171905584,1.5593585092432416,0.5110921420004677,-1.8969426192744172,1.3473180978629378
175,-5.351618115458049,1.0267578570191642,0.3249858600501418,1.368682274451476,-0.9186625643529932,0.22103689703445334
176,1.1708977786477466,7.014486577889414,4.271861975529146,-0.3326400048142536,2.9094441797784647,-0.38914733269094653
177,2.9563018674801933,0.706421852944398,-1.0423353697503444,-0.5221495633924623,1.4136363205805214,-0.2689431036650671
178,-4.975702061813662,-3.3862048665400004,0.43983847505923557,-1.577569867799112,1.0337964763192111,0.9267811579063272
179,-4.064025658895567,-1.2461661746291977,0.5744777904972028,1.7053931273225624,0.6158641138019854,-1.5091338714200384
180,9.512669844778832,-5.60348419110341,-0.6372392194509428,0.2242209831968677,-0.4065421875678788,-0.8366139480154048
181,9.007165526509803,0.5810310778513791,-3.1347151164498035,-0.8622696186374871,0.045722472699891534,0.7257737010348715
182,0.7588784849870285,-1.6085325753189827,-1.515095640118075,-1.0760599352903126,-0.04923423846593682,0.09433068457517184
183,-2.659359615327375,0.5399358010300149,1.7070147406888723,1.2017512641246124,2.3547418664539412,-1.0044060663662593
184,-0.39001898107995053,-0.9892423528796056,-2.5851692629802567,-0.7845271616289486,0.73431121832628,0.18373777267241173
185,-3.8890655274046866,0.8160717102034899,1.0157171567609997,0.8249187710424812,-2.1335732243297656,-0.7937250301489274
186,0.3648761522324076,-3.5744612250178753,-2.223978464918182,0.22316819538608387,0.7785317594296902,0.510229782557542
187,-2.835890918094252,-0.3987296939023133,-0.3474450415383797,0.8132474384391825,-0.039280614920596334,-0.6355227617443544
188,-3.3102836204900217,0.15574119557553767,0.5414789986694291,-0.5124838949961985,-1.7878785784063256,0.6958501665816533
189,-3.3573044028314722,-1.1037324242379107,0.15208974479739348,0.8281879728965931,0.7342586833962631,0.6926266820345661
190,6.523116620739376,8.011169612738678,-0.3264235160464473,-2.7717989242784395,1.5989327581100354,3.6721201396972956
191,-1.717735177401307,-0.5431655305570601,3.29837494890593,-0.0873308499647204,0.08417083413804674,1.0050598514794105
192,-5.565735900050792,-0.47784758052558796,4.127462582447059,-2.3524914358165105,-1.0524632555191782,2.093504665007498
193,1.779661488924267,2.7765871690943698,-0.9427629318978853,-3.0743523780080726,-0.6951336037738091,-1.2013644008016517
194,2.6114848935411885,1.5614217100098418,-0.21818689186536055,-0.49277503516204046,1.1043881611009292,0.0058176748599209
195,-2.819038509295739,-0.9701105661689371,-0.3825913644017945,0.46379061595191595,0.5517875019193696,1.2084606811067589
196,2.498438877661367,2.2784828516295987,1.319478524258479,-1.180838316264062,-1.8997304137555717,-1.7001033538715018
197,1.277027175412573,-2.443258963689065,2.466317014542486,-0.12989062723555608,2.1553063582730028,1.2180661722993695
198,3.47319734272086,-2.277848910398704,-1.2386841352315734,-1.1131408325747787,1.009258823476265,0.3217731836148134
199,1.2566751132725906,0.38239326775799637,-3.8383201210526843,-0.7169197038026489,-0.6511535621651616,1.2192607976815684
200,-1.4734313694650927,0.11689025584470243,-0.2146679087468278,-0.49080900300651154,-0.7138422596548436,-0.541186842686847
201,1.6494606961373979,-2.102291070021981,-0.9752715803916348,0.18804382961108926,0.9168266361310858,-0.32970041751876655
202,9.036589480952369,-0.6551728231692234,0.22128022077482484,-0.7647307262046263,0.5648980457312092,-0.33223235325986944
203,4.5545900656734535,3.086639158269989,-2.2704041871614966,-2.1911188477123167,-3.4613532414175388,-1.1797149282841715
204,-0.7811899671487128,0.6528492581588315,-0.6436570724355148,0.2144683056375138,-0.4376804170500027,-0.16048947348869794
205,-0.22309260650544166,-0.7018214890103895,-2.2707620394249064,0.9986316840829799,0.6464885777102085,0.04292912678913591
206,-3.4548953859339617,1.3069387231029992,-0.029264452349448463,0.3305037634802251,-1.8619113440779864,-0.3283409811896645
207,0.4465443961132717,-2.787707741636204,0.44438219397455403,0.47202860804318153,-0.5299903066598646,1.656590077652612
208,0.3144382274403779,2.0775607319104568,-2.083311578699336,-1.068539394991871,-0.21786642354683866,1.18984178958729
209,-2.059191942941955,-2.472787788686736,-1.461718918418695,1.868081880859984,1.838562308175842,-0.5250223228715235
210,4.808969244821311,-3.02910296716346,2.744018656908758,0.28336369551159873,0.1939648348841445,0.9849841455965912
211,-2.9987105281783686,-0.39677802802272766,-0.5964659299153413,-0.2080449697224458,0.5683599525932342,-0.3727859936612089
212,12.285019762671118,-7.543410161199054,10.112424299878601,5.194270315164552,-3.85249992945258,-0.8774983156632014
213,3.3721965917053995,2.5878254299279884,7.092075051123818,-0.36749399490874174,2.7705749795289885,-4.217771936647657
214,2.5087663117607697,2.614648477897047,0.20638033045101295,-1.8947457607429825,-2.124765246267079,2.4650748084411647
215,1.3180684769872402,2.1544795021203345,-1.7866324869743475,-0.010169649322422624,0.16715336237145184,0.569093867497982
216,-0.38875629815244006,2.276797896391418,0.6273321875185685,-0.4297269774257009,0.1193815653087222,0.8498939005965006
217,-2.7569329914028384,1.0868346850664008,1.7072381435677826,-0.5168314049156093,0.807022356170736,1.78548636445084
218,4.943581013767266,-2.848324459651686,0.9138786613373726,0.335183862948033,-0.4833274629903339,0.3553760117647706
219,4.29807732903471,-4.666275181325809,-0.006841114380226563,-3.6533852072692463,0.17870122313805864,-0.9138729690509656
220,-2.373501801955558,-0.7334025637579485,-1.5260275018528504,1.8533296160915027,1.1831181410602818,-0.8578710244293132
221,-0.9671903117353908,0.43843818130666445,-1.4476963180518747,1.9903615055297603,-0.09396635782720011,0.29301290744809244
222,-2.9757987878770993,1.8109737759031965,-0.22343524098880344,0.3916351149365424,-1.5293706338390505,0.046802004690582065
223,1.8032470208476505,0.16646095830671342,-2.628599511914904,-0.6437412455170171,-0.5218815672956446,0.5697918121110087
224,-2.478359512460693,-1.4185764470910902,-0.3165332770999132,0.3285027517215821,0.662012450390409,-0.4467461039264053
225,-0.8260392930927327,-1.2502474748163248,0.26796057507892074,2.3106264733834174,-1.0148150269031826,0.9016299679897272
226,-3.8946973282666346,0.5385707446649347,-0.8815586980559738,1.0388000147567515,-0.8090287538599488,-0.690999209515103
227,-0.3895780903421269,-0.6144154703422349,-1.3528692896249865,1.1751923194832254,1.7898930472243841,0.9602689390073776
228,-1.457321356926456,-0.20172675728924455,-1.0988787452328415,-2.0057750508861942,1.4785619151130902,-0.08537950201648323
229,2.7555680007028736,3.46577360293461,-2.4740509645369575,-1.0082790837636824,0.15513516812338227,-0.7014072498235673
230,3.257254673227044,-0.1252004925064993,-2.8960974830879644,0.7495898129801309,-0.3528560268960618,-0.8049425257965449
231,-4.019140240348725,-1.3542473804489101,-0.3604726464467368,-2.635797809449373,0.7352454419337868,1.5182775898404215
232,-3.676413292953658,-1.2916290597353952,0.42461037761601084,-4.601709877264447,-0.7409088178489057,1.039736481197268
233,3.31632411324164,-3.9391522599816553,-0.20545371122288347,-2.118223657738466,0.9699803176385176,-0.890814077163647
234,-4.036607361463508,1.1625461090802354,0.18974789121820268,0.940516863830723,-0.5655982096439117,-0.8067379429260124
235,-2.3342333498263925,-1.3489797311742517,0.23268707831331115,-1.212913831798529,0.05157582937782023,-1.2367192066145165
236,8.403847113140191,-4.153904777325426,0.04696905688617012,-0.5518431075102764,-0.2880809939711486,-0.5070581192638652
237,2.6475686326949255,-3.9511729523571053,1.3718812040971198,0.20781932940141437,1.4050533879897247,-0.9045125683611049
238,-0.6817688653433476,-1.1359911293110871,1.2336665848588202,-3.8644999479325106,1.4283533513337638,-1.2914300940745909
239,3.350295790139522,-2.1545700277326767,-1.1089437638013662,-4.349007890146343,0.06238322261468345,-0.6857157798235883
240,-2.2277205191309735,-1.214999687578929,-0.19241383381535135,1.4712780173584283,0.019714495207121343,-0.058937152133343405
241,-4.477584654985835,-1.7411293605285936,-0.8882069276524551,0.7646526743273702,0.6051415625555103,1.0045703494984084
242,1.3226214183046223,4.78947658224962,-0.6625352193100901,-1.021195957728885,2.15002329883437,0.4504488750665368
243,-1.8500898606740237,-1.584128150948969,1.263917128689923,-0.8021027185674839,0.7114104287392247,1.5966139678092868
244,3.7955656423482487,-1.026232640352592,0.8986356730168376,-0.760460201215498,-0.7578462384380559,-0.522729872064427
245,-2.2813180994534923,2.077685978825647,2.4306490060498755,-1.186059780151474,-2.8590038635279145,-0.9990293726166782
246,-3.22877011759509,-1.1720734769853924,0.26466444924565735,-1.0029444252868973,0.8944691297379007,0.629224787417898
247,1.0259007860765645,2.3612619399841908,-1.6168859029237337,1.145963032792007,4.144475070397321,-0.2075283502914307
248,-2.5825558365587313,0.7292131161378095,-0.5481426640457211,-2.3320790539384113,-1.8352633863620296,0.14016621098959298
249,-2.4858832257311403,0.4605964020132268,-0.5989203732286655,0.9987174911117174,-0.43032431306928576,-0.3796212003900325
250,7.143842038283764,-2.0748422346826088,1.0883872280866127,0.7163332569760354,0.8198992585350947,1.1445485392902095
251,-3.03248114120112,-0.649468801074763,0.3106825885094073,0.5802824555240176,-0.7328858512889652,0.5720082487220496
252,7.085010647128377,0.5282231675093055,-1.2799873487705238,0.6515627669186688,1.8538212996001417,-1.8112980475659943
253,1.3140990038518658,-1.7754258306715298,-1.6726317020039878,0.6946200376027203,0.1128111721295729,-0.0875292526788292
254,3.7116495141052326,-2.8074771122295163,-1.756193726253191,0.9041051653944137,-0.07098754316391402,-0.20618878657956755
255,0.46047909041180957,0.39416628746363813,-1.0046986408046423,1.075388177352421,-0.4275357238526389,-0.09140671129646558
256,6.392649920005897,-1.8230941647651038,0.47984957811236617,-1.6964608690038587,0.5566762946824374,-0.10677245671288405
257,5.255544949829062,3.8945309899255167,-0.8338534459085,1.681600968111804,-0.7843268662687759,-1.3870893980810055
258,8.733861504298192,3.2798773785191373,2.903699599969307,-0.2771873098964302,-1.061843863675056,-0.5676935107349492
259,3.691317880451717,1.0656460681708249,-3.5155890465081057,-4.773197097616301,-0.8024834220067527,-1.1415903083849601
260,3.3782508729001033,-3.371227891541279,-1.7667777125412867,-2.07795701139904,-0.5977810389350322,-0.49078164443502514
261,-0.8402096537365948,-3.500085031840763,0.1824836259228794,-1.2425726061081805,-0.10851695224238897,-0.4169994134345961
262,3.284372619778432,-0.990673201280583,2.5543863532138635,-0.1228270256520785,0.350837453825844,1.477384312906343
263,-1.908768927723697,-3.1219458047990463,-1.0630560452795945,-1.0620667390894163,0.9572974383134512,0.328534586114014
264,1.6147819248704607,-2.4745733489610573,-1.9911348845106074,-0.37909133862785327,-0.44324974306929027,-0.24436594814200194
265,6.61972634575254,-6.00327642092615,0.9893776870216986,-2.886758186527665,-1.695386322993141,-0.7996723835115449
266,-1.4646759341538103,1.6866318122887596,1.169905737302483,0.3256620708306951,-0.4648747626476475,1.2484196314026164
267,-2.012152428254062,-1.1034865574698514,1.3380241035717606,-1.6156794844408606,0.6917214169216864,0.541189965904785
268,-2.2843402518090987,0.009493639863406029,-0.4504394919905372,0.2957798005650742,-0.80386699886248,1.779018733901866
269,-0.7397430856851874,3.1525206049068446,1.4698578582441937,-0.31489363716641033,0.9476891640448116,-0.5314414281370393
270,-4.506562510244913,-3.169272586634979,-0.18806151726175405,0.3911601506568288,1.3852076243643934,1.1387789013777108
271,-3.1587543013833232,0.41030179508798864,-1.1088171796964899,1.971618723628704,-0.058587060041742106,-0.28241440233284715
272,7.676149471524469,-3.07530630434077,1.4819593165111684,0.5524021569063594,0.8862050689998626,-0.08252795315305489
273,-3.6391359671273253,1.589587064199397,0.7162798053447819,0.6703852381060835,-1.5773310458596035,-0.7452728262492267
274,0.3373454925547531,-3.1443734578528013,-0.11572153956050588,-1.8152952572168786,0.035293090462845116,-0.7162112905347899
275,-1.276583380319236,0.8490529802486599,3.070067989025745,1.1664973549958768,-2.678126989700807,-1.360509708468121
276,-4.346014054626737,-0.32197805782991507,0.38847461863540206,1.1071471391932706,-1.5033335434063135,0.5377926674563733
277,0.01743079159067688,-3.4593432908454043,0.30692080153526663,0.4755699057718398,0.4007368510521043,-0.15690709060588384
278,-3.4924260373288307,-2.6340824010402875,-0.0721876611511087,-0.3079777390589062,0.5250156281209671,0.23338982566519925
279,-1.8665488535301735,-0.9020642094116289,-0.8711686472014663,1.028814419603329,-0.2318767653604777,0.9163085364811367
280,4.960268117483392,-1.3411230479003875,-1.4570534848859125,-1.4681980934603847,-0.6124606725933575,-1.0858053346855363
281,-2.470722685381676,-0.1380262647746864,1.794885279434809,1.5476271051345938,-0.6973624566484231,1.8685775986800957
282,3.785060103631285,-1.901907414519746,-1.744241763185357,0.3922847782890768,-0.33927817944255917,0.12968333741085494
283,2.6372557769931992,0.5771549950242804,-1.9946998785427017,0.2725491324681616,1.196767439793658,-0.48786257584360615
284,-1.3726850235948655,0.005805461674925221,1.5492892393576538,0.5844391323464733,3.004878647615999,-0.0013724777175529255
285,-4.138882573646063,-1.3765082413398542,0.8780485188106797,-0.059856324813050164,-0.597597439277937,0.8320966912315476
286,-0.6869402911920893,1.695009624984617,1.0262129143640193,-0.8754782246838456,2.174675953647913,-0.29678854696041096
287,-4.3121295825820125,-1.9784861325808314,-0.25130644645166134,1.574911149352742,1.9834114824450446,0.46820733772520573
288,0.40330942184643914,3.723434005065389,4.586469206726175,0.21591079549804254,0.8078018528975281,1.8261268579825658
289,-3.003605795537198,0.3541602268566283,1.23401496650864,-0.7174569857201899,-1.3125626961111265,1.9968674206314896
290,3.1340082048612667,4.273459556965161,5.866279402036435,0.5965828997861511,4.201026653084403,0.8712709051738768
291,-0.417836866509963,-0.808576569990354,-1.0932914199914612,-0.08972978653065702,0.25707007127126813,0.24558931233618508
292,-1.4202231348111292,1.3939781140318754,-0.8369867728913476,1.1054450997581078,-0.3644000372642654,0.08946625756738491
293,-2.870588347197299,-0.2686445074568081,-0.468987143660822,-0.24550357506785683,-0.5579179535221079,0.41445139692546523
294,-3.365845703685314,-0.8076006142210078,-0.8070793597464891,1.6636860582845256,0.050587143855571275,-0.6566328856836403
295,-3.3150001544510626,-1.4421762283612225,-0.5836325434352195,1.7849309388584071,-0.019271652158831257,0.6299780115114607
296,-4.769710160446193,-0.5429618617210664,0.8938679073030595,1.731060986346177,1.00171101767809,0.9637685548590458
297,-2.3858827587260625,-0.8241155716456428,1.9839634281931888,0.05525551991911633,-0.5057292068685684,-0.9895639340385556
298,-2.7870960092578883,-2.5330340025912244,-0.8840343746250245,-0.2596745936003977,1.6478330394557885,0.9434645552891933
299,-3.393841772474783,0.7539639543300161,1.7717934278071628,-0.27667369094576233,-1.0859050384363051,-0.028785974648096103
300,6.59023594231157,-1.484862452802054,0.3613396844888063,1.1884462260305535,-0.12091332745806406,-0.8927975086803823
301,-1.4553305180657359,0.5919428673273941,1.1463403547327433,0.07901723374052955,1.0877384566332318,1.0579798588483986
302,7.182933102904729,0.055146062569494184,2.0129180079035525,0.08277636401427697,-0.6657799803030863,0.4246030817103168
303,-3.5788354032352423,0.8915829921528095,0.26148747921107346,-0.25409583445559775,-0.5995929948580474,-1.76587124321474
304,-3.0570326419872393,-0.1792133865146458,0.6217734227784734,0.2613984254732562,0.8967348101194532,-0.524569066602762
305,-3.0744358312869036,-0.30605843474535466,1.2592537456867776,-2.208626773072119,-0.606411158743122,2.3580673373104117
306,-3.853539733032306,-1.5247264219002497,-1.144509631641302,0.815050675607268,0.49305206884577585,0.2876052191229004
307,-5.390256393040878,0.5562555065105266,0.560070249506046,0.4718553437455986,-0.3997967324240977,1.4766590932923718
308,-4.657682334431404,-3.0653874336093967,-0.07600911676690433,1.5085165087930457,1.2728155469512148,0.5556944501347518
309,-4.027542388595662,-2.542907044798636,0.3532170081481817,1.5143876092931419,0.6674975889198989,-0.09625785669008921
310,-3.3478219406451415,-0.06856304519761586,-0.2701930900257424,-0.6276362195422122,-1.1256854754665788,1.349985249159089
311,-3.2998420112883755,-3.1387093938338713,0.14889239633793103,0.7424908488385017,0.39445119443431814,0.6412726280964394
312,-2.1364041424169544,-0.004392848766051698,-0.05513898063206598,1.788112937351083,1.3004452889782057,-0.06311773937236305
313,-4.038017141085944,-0.24069805259801957,-1.3281266105142673,2.440232417302215,0.27739061499317613,1.6936512526865388
314,-3.7654145555075957,4.398200486830333,3.950207448246524,-0.3072688088273884,-4.789661241505891,0.9662770420012824
315,-4.871239383490444,-2.3392147873643387,-0.16829483557169822,0.694889879418611,0.8209388170685297,-0.8244921556469959
316,-4.747248516726561,-1.798401976485443,0.16972012119929333,1.5516107117038844,0.5351367469181115,0.7915813378297021
317,1.895316275780693,-2.3922380044098053,-1.6764913980814504,0.7120280057779297,0.38340080202687193,-0.3924219283270631
318,1.5729311411637312,6.509099308349752,2.1671591046193766,0.03007584169347554,1.053412431637146,1.10894286485368
319,-4.026620253799288,-1.4022064651624853,3.186499706792548,0.01955192312326971,0.1796460199256723,0.9192964426868817
320,-1.2948661701591981,3.4708086391533604,1.1095280353690948,0.7666790974391351,0.21050996938387526,-0.8404566780522087
321,1.8348404671418548,-4.321522964337004,0.3166853217630143,0.99718949880765,0.25468868109904363,1.6548006474261794
322,-1.8103805586768804,0.3962073027528074,-1.2303340751001104,1.2766562751837742,0.007077292680837245,-1.7824075800855668
323,7.236485315958299,-0.03570179313217988,-2.8410662813773024,0.03864229942713843,-2.45473334727368,2.5000185909442143
324,-3.1456501882175614,-0.742526541162667,-0.8623514772364944,0.755163809819155,0.3001256951806761,-0.16553752811282488
325,-2.887268058312256,-0.4647316245825699,-0.47574337601785116,0.7623019584460254,-0.8532164697250163,-0.3062883264310422
326,-3.1496539837795066,-1.7712483963540566,-0.03583369140911829,1.5072396770297043,0.35330432073359064,-1.1630167133677571
327,-4.628379482687726,-1.835618360859245,0.06423104377202878,0.09419321255006281,0.8004599472320691,-0.1696207290693335
328,2.250510374269761,-0.3485359400888271,-1.064750855888459,-0.23175922907498753,-1.0045003700995783,-0.8745524835729637
329,2.1078012268057473,1.1219739406311071,1.7751580287676405,0.2626749984536661,-0.9608132139844724,0.05685081761077305
330,1.785949980026254,-0.2692216364336785,-1.7225153989733295,1.0326868635567479,1.1851098064828862,-0.13047824563327354
331,-0.5276966174053999,1.2658716233580103,-0.9204411451958636,0.42947173507496017,0.5607830387737744,1.2521709881875145
332,-3.2135009811043145,1.1034431401429192,1.6119810339617726,-0.48643354109287323,-3.4592511144901157,0.859765556152022
333,-4.386422966117914,-0.7611037286134725,-0.40059736397399226,0.586857092527653,-0.3765782956119344,0.5357659026417051
334,-3.8100178692638687,-0.9099185535005344,0.443167780162811,-0.9504231067575443,-0.3516347361898679,-0.2777446387975613
335,3.319673971147177,-1.5770528437101445,1.3607284063742506,-0.694142924445808,-0.9089312830983298,-1.1722180397596071
336,-2.3932759639924357,0.9900307785993292,-0.7575098752550656,1.554982934604307,1.4314589910257756,-0.3431904107793653
337,4.680166262437075,-0.9685929539663629,-0.29127224348272596,-1.0742724915946025,-0.13255686659329458,0.5036921067967043
338,-3.067695140267087,1.1358375693089209,0.37462262082360187,-0.6268540140292893,-1.4436933480259913,-0.19183721179409105
339,7.353218574297175,-5.242623144407711,0.316955763937552,0.4320392223690964,-0.7060356006964902,-1.2631853205651629
340,0.29531318285619307,0.22693503511332222,-1.0894166687034783,0.9474226146570971,0.7290939478050289,0.580010890602197
341,-1.9389694970858642,2.544988112084182,-1.001423512584483,0.025739560252636077,1.2060988528910495,0.7321009134553368
342,-2.077178920827329,1.8065194904128057,-1.1670792668842624,1.142229872529778,-0.4135701770543787,0.11823688277903152
343,4.975162358574464,-1.3325721795376342,0.8709776116562808,-1.2921311263372732,-0.9619686114632969,2.5813125392083793
344,-2.176916880122584,0.9589112578516685,-0.23426496434642272,1.85447267608074,-1.4817819778592716,-0.7693428577390532
345,-2.431551455124257,3.4472038664508733,3.4569448506953426,0.49365988027550384,-1.045757368166457,-1.0088399008938425
346,-3.3679657782594337,-0.5629288960563275,-0.19257356305901852,-0.5703790789851488,-0.35172722932554906,-0.040263303686103605
347,-1.2065977906194005,-1.3170443384576989,-0.9307408457753824,1.7047900264194347,0.7187194861676898,0.6381879242792662
348,-3.3260792481224564,0.47517158344591426,-0.8982856567749997,0.8134879198225923,-0.5853780939013241,-0.8823889368355845
349,-1.9287954028580723,1.4614697959303642,-0.10064263579641397,1.8207640773750249,-1.93594238766533,1.3142843036134177
350,-4.041835090245019,-1.3569174575336995,0.5383416152549833,0.8339119692187982,0.17874636724527193,0.9917094587632826
351,6.182283741249082,5.108005448239516,0.5211405364588904,0.9407388620971149,-0.6065257680082216,2.46159554056545
352,10.934298158689996,-3.7032540797745637,-0.8916939532011673,2.3435075432681765,-0.4887851547453042,0.19643549730733662
353,2.11849693130228,0.29662906820706947,0.8674852301850313,-1.450287460071819,-0.5395116278727496,-1.7333721653548118
354,-3.0121949706302615,0.2437599745037809,1.983732939420047,1.6797256091231143,1.703672905987974,1.84980577666766
355,-0.9826485813273814,0.7972523937174593,2.369421156069258,0.15692261705302846,1.5464295928428389,-0.253322709972644
356,0.3578938624927059,2.127838631818351,0.7082090482093351,0.18474474486085687,-0.10257002189458865,0.5631985368826093
357,-3.193917864914561,-1.849152071934186,0.09939844626360451,-0.022782282423696846,0.17900356790906186,-0.4928171394204951
358,-2.993233301895009,1.6313922039701507,2.5567177893408317,1.3458871525769975,0.04073886950814204,0.6169895795108334
359,-3.193914150687858,0.5793394414037563,0.48976416411078816,0.044594333301397615,-0.7236077820432717,-1.0373982026826583
360,-4.591961854092653,-2.7611270988093644,0.98054250060277,0.36283847978728095,0.22008002750228198,0.6905041394268786
361,-2.485916154258742,-1.188939403994431,0.3487768121265661,-1.256291852026739,-0.1293937930655085,0.539582470151005
362,-2.3986653458547544,-0.2507447893547835,-0.32713773290724535,-0.27737295249852867,-0.3548137459939746,0.019373374686499356
363,-0.7796151994081458,-2.124343426421835,0.32078891767235757,0.07924908136500537,-0.0858092808330773,-0.8931305989711896
364,-3.1399884254155177,-1.4880221608470001,-1.1988784460707518,0.4534494171784363,0.8409027715998935,0.3229176488646237
365,2.735011771861713,-3.9451682297419013,-0.017169483165004155,0.3001107993995327,0.28326764166030843,-0.5773140148365703
366,6.227025988843285,-1.3901096905389467,2.734237198449921,-1.0931613485860112,-0.5826578104668725,0.9889294454092605
367,-2.22377574556828,-0.3571607107189476,-1.101682347495081,0.1862228084356521,-0.2392749363431134,0.39849068311314917
368,5.3071400215794435,-6.7234149848974925,1.485664912488577,1.7765100453396618,-1.073554742961489,-0.833076095399199
369,7.24800106087815,-3.655469130671501,-0.15570208821114628,1.2268289158972614,0.29758911524070586,-0.478344480583236
370,4.20722061923806,1.1762428825333044,-1.5900181018489619,-0.9788432778204872,-0.11758072143599678,2.67016961439862
371,-2.4996363741915615,-2.018535626847566,-0.7312746329824285,1.9850231537140854,1.1359555305343634,0.6178201590666864
372,3.635014947177742,-1.9564409091274568,-0.8287750258605855,1.3797525323645201,0.9944220289973039,0.2538551980253771
373,3.519248274739814,-3.858607120551626,-1.0225291402214347,1.3841431624810825,0.32066368235662884,-1.0310271167787846
374,-2.614948306990005,-1.1024744586970834,-1.2407359584343771,0.9094765688213233,0.3784812657674981,1.6188666502301003
375,-0.09610811600319064,-0.1298475812649825,-1.6714640278009654,1.5274768047407008,0.40306880739724815,0.7766608339010866
376,2.044856935416326,6.426819841535494,1.2741214601343684,-0.10974159956315757,4.602718325993732,-0.0626426861242574
377,-3.0667495266584375,-2.1820956972928474,-0.2790625044847689,-2.9385571967598194,0.47323645152517524,0.04897930557695646
378,-1.603586443134101,0.29259622330055174,-1.5862253875788983,0.9096983313670204,1.2358697397463017,1.0351627723238463
379,3.7659321540426745,5.985295348376247,-4.880361179711323,-1.1208729897880874,-0.5642369706723158,-0.9324400115201034
380,-0.9255666030291398,2.3024814305938133,-1.5961117878266464,1.6762383539742045,-1.4269860371396657,-0.41360298732024087
381,-3.2883495934325078,0.20131133817325514,-0.6277561224917377,0.6128346932101791,0.17076957843272758,1.513234794319757
382,-1.554852149385672,0.979857729920167,1.1965598999875002,-1.7751771446926192,3.4991258506427867,0.31223398182534046
383,-0.3987799182693457,2.161212689979506,-0.9456051819301023,0.3724809945335646,1.0126493127737328,-0.5361612256622275
384,-2.300567821424605,-0.9320775842375275,-1.1299533026554156,1.4523766381512278,1.5556401067393695,0.5146556235953949
385,-0.5429013641724036,-1.317067910159365,0.9957545026301042,-1.4848753661256913,0.20297802037655122,-0.6347793029599169
386,-2.0588194560571837,0.3204351450185349,-0.12245843748013313,1.0208598383586476,2.0791670991625137,0.8376367258328155
387,-3.42451805526439,-2.445518412047599,0.045048742027429714,0.7861419764466641,1.6031822041277952,1.2707483113583977
388,-0.4724065515491577,3.702829439306825,1.9537849543679344,0.9963166792930706,3.8143965853948636,-0.9040774025435672
389,4.703500732018287,-0.19595575388996658,3.757032981067551,-1.0042276297433663,0.32865157972863357,-0.25258228466068483
390,-3.6433802383237928,0.7868599172148028,-1.1621457060763931,2.098874867950765,-0.4240674077770571,0.15623056396391374
391,-3.59468934417357,2.6050872149857995,1.8520294752861606,0.08988571239895599,-2.4425411237741876,-1.8504759857161333
392,4.149097341473109,0.7674888416163547,-0.8879748931138237,-0.00836961342761345,-0.6049819075939977,-1.0170898139682405
393,7.6721415525711665,-0.8604841508186318,-2.153650085422993,0.25472334791906065,-0.23647068391289344,0.4860733427960321
394,-2.010379413292556,0.429689561803487,-0.10408874475110241,-0.1602918754069598,-1.5095051068207008,-0.07670686589530737
395,-2.9208334941115974,-1.7004724730844412,0.29572741172204525,-0.41417688497644,0.3639214322154376,0.3868068485238351
396,-0.5007378001395875,0.10673146492904714,-1.0287479128443964,-0.3048848152532554,0.139121327761942,-0.7447843144281576
397,-1.9114985751848872,-0.6513938805456713,1.4502884634372402,0.4007029465544297,2.0630018131807946,0.2038806623535499
398,-3.785099227838717,-0.3261463676298916,-1.0580801964884792,0.6060077423125186,1.5261554411419527,0.07310634401836905
399,-2.708393968277567,-0.21966574183662266,-0.3145047740090486,0.05525297758091543,-0.04825418605944114,0.16910280417444518
400,6.2896734686083935,2.0365473948949737,-3.18208256292399,0.15554366193704083,0.20248726047607155,-1.2579848871254076
401,-3.4307706912284317,-0.9926100348985722,-0.731694618635547,1.343722983237498,0.23583923861117245,-0.6918038393676113
402,-2.0013884659133674,-0.29332646209782953,0.6192039838382967,-0.35251170908725604,1.164820896002618,2.4301144951693012
403,-2.4732930934800867,-0.335047024547023,-1.4823618508348988,0.4652376384506192,0.04899434695003253,0.9379152095780612
404,-3.6472577472173873,-1.2413651274667075,1.3866243845116675,1.6139591804921745,-0.172993162480879,0.5970640157247387
405,-2.3461868509234884,0.6827413168790157,1.1327339008370108,-0.303103695139265,-0.5416756837484975,-1.4185262510801235
406,-1.1429969264278281,-1.9621714937532584,-1.240719688245363,1.4790766177855932,0.4841827687947312,0.30437028300327795
407,-1.350857303496979,0.3695739016771753,2.4866756340827876,-1.1407176991286194,1.9058641609121072,0.9309492896297852
408,2.763370786297351,-1.0786335088171661,-1.179623930439028,0.4141589846320463,-0.16461154143931384,-0.45916385126474313
409,-1.9693236045270102,-0.17584850717537456,0.42073149588047776,-0.7863119960586119,-0.8612514205927689,1.5866872198348794
410,-2.931187054302793,-0.4948562266404772,-1.0170706794645143,-1.6864228197265723,-0.5657276703618327,-0.4689287807222006
411,-2.9263743854630473,0.3773322586959292,-0.8867936777650571,-0.115344723425413,-0.985678846048004,-0.33445707926203255
412,-3.9961882769375796,0.9598560910203837,0.2044042557353475,-1.5102303014774972,1.7092494023807696,-0.28569670469567804
413,0.15513805941014291,-0.43800822868265876,-0.4614456947034077,-1.4545331177250271,0.8558401340149085,1.2428746183998658
414,-0.9340908107286925,-2.1059455919794017,1.432916941082333,-2.8942617079921757,-1.2754165745434964,1.6266925131779897
415,-1.9296217299721286,0.892466690938678,0.04234482122974412,-0.5588844097729037,-1.2803296182756623,0.11682985117866752
416,-2.6223386022076975,2.502101616628941,2.434999390312068,-1.8780131924790118,-3.150817735252152,-0.7836537166630331
417,6.003616590196748,-0.09102922548702388,1.7112014683007637,0.9473747538406344,-1.1750386953968261,-0.8562051272051145
418,-2.921877804254498,-0.009212680132875078,-0.9013034362452198,1.7913285897976505,0.5769804259305896,-0.23980975163434073
419,-3.3419448037429795,-0.022224730004458054,0.5033012476650726,-1.1422621994831101,-1.5647610219894046,0.16775708355623792
420,-2.0149150333773207,0.7784521314058827,0.12557876651501734,-0.6597356915237219,-0.021929577181708803,0.6893209403099462
421,1.9884621058534537,2.3160480548577747,1.236303930316662,1.769776356665249,0.14399655725140922,0.13359574591707005
422,-1.669603930593673,0.8623188527258092,-1.0103061507448667,1.3238951120660885,-0.2815678316885463,-0.23939640692459263
423,-0.3711781138208615,0.11361265768223067,-0.9983636008474733,-0.1553700600262228,1.4759550404234294,0.47596236523988456
424,-1.8489599307825384,2.5412296466357063,2.0053473939616495,0.4843720079557005,-3.508647492895192,0.5345347567762051
425,-4.703042201703071,-0.4323024296795787,0.005305193556658617,-1.3706086858260886,-0.0850986957150941,-0.33007387575050573
426,-1.2831871508608435,2.5509093099497604,-0.0838603472623448,0.7715122060097044,0.5569103786892178,0.27000154727655157
427,-2.3142468194377606,0.40203147690897895,0.2746231733115121,-1.6704632898627434,-0.536711334747694,0.5083753468759791
428,-4.659085176246454,-0.7822987560792739,0.1921219943945372,0.4936818183248872,0.5361224212253864,0.2260416497691962
429,-3.943473381929645,-2.030016287541698,0.6917356751593362,0.5134062690729915,0.34011413802744034,-0.06509744508129689
430,4.949858460547864,3.0060641264586048,-1.7540718805370148,-0.6723607617021332,2.8647716291869854,-0.30708015086944085
431,-0.9158035191502575,2.479013129225989,0.3626066691539043,0.2619666191483699,0.1384722971288242,-0.9912354457788056
432,4.5491111469116845,-0.8160005045805933,-0.5187550463379771,0.9163397383026982,-0.07148533320794262,-0.9308820120272561
433,4.442342818432366,-0.9924388969867994,1.4423191762040741,-0.5750347182251823,-0.3575893385380376,-0.029967157965442276
434,-2.194984300854245,-1.8053532371450964,-0.4351093923834416,0.9539431387367896,0.5538007990495497,-0.1686115546640503
435,0.6644409148819393,0.4368608559916878,-2.6807818189653245,-0.7292266386855613,-0.02778698495689227,-1.0820508371638382
436,-2.2408760531427276,-0.45458951009457005,-0.46552752547112985,0.18872494803342119,-0.8282921445762722,0.9533185022247821
437,-2.1251804368311116,-1.1947969116116632,0.4903719724056563,0.8553965071858334,-0.10593564686376179,0.19534246626776142
438,-2.615317411098499,-1.8320604323844871,0.7643295620073559,-0.8231657178444015,-0.30078696841504915,0.08993740317520288
439,-3.2109679755509695,-2.2351427038923144,-0.16622440345793324,1.1300577547535882,1.2601890809327752,-0.10359113793040074
440,-0.30675039851058344,2.1849988336674824,0.039286292118612,-0.48645563522811586,2.0894503787096435,-1.1041436000547118
441,2.4723569165499457,-1.4998247520578687,0.5914531577019294,-2.2673516623130987,1.4058397885629192,-0.9648570691957685
442,-3.454718372496068,-2.1364615492480747,0.19716255947311487,1.5341770464608266,0.9428744686934745,-0.937116500112167
443,-3.900526848197452,0.7307759698719932,2.1360711163623978,-0.781172958379697,-0.832551908347747,0.8978206946776676
444,0.981727541799941,-2.2104299473173348,-1.6999192755888846,0.9709720214369615,1.1832581595119913,0.1436533664734555
445,-1.2572515708455116,1.0676915152955055,0.2594753659442442,-1.2417523598319804,-0.3932154610511867,-0.6997704207655301
446,3.245413648104516,-1.778358634720749,-1.7931538147572883,-2.485059558114989,0.5503503017205695,-0.5986125319454624
447,-1.5572194120807212,-1.0379271051902932,-1.3012450245483353,0.6216728227746564,-0.37935240410297194,1.5356979756379252
448,-1.2492580968753977,-1.5888387900857284,-0.32641347889182504,-0.9253220607139548,1.5353494336017017,0.012064823861146413
449,4.331653344359395,-4.049332419072305,-0.19250552662511358,-0.2906136266938709,0.6108404220581319,-1.4235880003447758
450,-1.077451329558927,1.803618164039689,1.7810417285781017,-1.6289523455631358,3.741754641241798,0.34243475139849255
451,2.511753102238921,-2.52880758328026,0.7982022788311528,-0.8236745810369702,-0.4292639529196514,-1.831534381251107
452,-2.2170923052959934,0.02989128841659684,0.6364601867364166,-3.3767012394875855,0.47999505458940045,-0.4846461477529394
453,-1.1738306470785806,-0.47483950586593365,-0.4815709624148141,2.1439593666893155,-0.24330121090413098,-0.4828606296423649
454,-2.8363014439733516,-1.0181258052775042,-1.4866299150004165,0.4564056737012433,0.11470571943619429,0.9738355730386771
455,-1.8570858984512526,-1.5713931181950045,0.82648283969821,-3.9302493467959825,-0.22082579385489318,-1.199840989917386
456,-1.3286143728905417,0.7770956609514817,1.2567582246066806,-3.7855435941863105,-1.24506283149213,-0.22562413230961637
457,-2.80277135659045,-1.66630163371524,-0.19401830754900617,-2.233107413713894,-0.2052462148901322,-0.5721714327389015
458,-3.1745687966733955,-2.075733619003342,0.07490027226936309,-1.8698290394372326,-0.2093265443604268,-0.48256556970187753
459,-4.087077360668266,-0.48471007873302896,0.6313641116014332,-3.4027329764944985,-0.018224179845039306,-0.3098213757038586
460,3.475493747733413,-1.6728843920359986,0.8568266821418586,-1.1567678905617675,-1.3825721919043776,-0.9999202786779678
461,16.319233234152588,-7.7758527959892625,6.2354164241644146,2.328072414809747,-1.7094493370596073,-1.1248206502549238
462,-2.5601150180983803,-2.4940454475993596,0.1703125500861913,-2.1097566493569357,0.9792387500667171,0.4887558672045888
463,-2.968888795329012,-0.06884713398400348,-0.778411454455306,-0.0466666893851927,0.22820812376071345,0.34489202140377756
464,-2.7574304509109995,-1.7939187675963144,-0.7578141031931969,0.024118146871457063,1.283912737721484,-0.6588317797505272
465,1.3703398741447637,2.1100113456453613,-0.8537205147197489,-0.7237685714293526,3.824376348533422,0.2234207646874883
466,-0.4176644929528268,0.11651969611300315,-0.5361426992526352,-0.3641990949738804,1.513456262507494,-0.5557002525126338
467,-3.8383986226626354,0.8991786495408775,0.7005639691501316,-0.2199395669022348,-1.33716213650667,0.076744335890168
468,5.930964859506212,1.2282966821311747,1.7215877545702192,-0.4735823034718738,2.883539140218504,-1.1002377515518253
469,0.6454786477209067,3.426011421612694,0.608284964156702,0.2344863774422928,-1.2096979802560741,-2.4278514027783116
470,-2.683846401044228,1.4435555287211768,0.33940350060472607,-0.24481705221032316,-0.7926920196706133,0.9256296703916588
471,-2.0416640526676986,-0.9032559307225093,2.843241279490504,-2.8858313077754345,-1.0167107699538718,0.10445982609279901
472,-1.3992963506369893,-1.7722262468016239,-1.4795616632623727,1.30810893958042,1.8053135839637964,0.6154644953862716
473,-3.536415296024096,-1.24685415475328,3.3854109882126124,-4.666051026409254,-1.875729132532414,0.8903980182977868
474,-1.9905294474393704,1.899462548462294,-2.0309982236616104,0.9119051595102694,1.2315526503920562,-0.419626855753417
475,-1.9981853672422285,-0.2063711366590417,-1.641325106711041,1.0392104707449497,0.9042107237544084,0.36762902165934896
476,-0.5206581123131422,-0.9733678107816555,-0.324135372693709,-0.5439993709002736,1.429436702808352,-0.04919912933361997
477,-3.172370488382081,-2.0890522984433737,-0.9788057680290794,0.38709705653278764,1.419475342576208,1.3383657898503711
478,-2.2027101889222873,1.2860393189413286,-0.8873991862398956,0.7011030668288727,0.17982142529820405,-0.024052174541207
479,3.8244330429200604,2.305236316362301,0.027546171800233454,0.6702588894123908,1.2897652164676656,0.8090949409562687
480,-2.9854846898992182,-0.6733392433631074,-0.5904898083211643,-0.5943501476299662,0.46197023178151375,-0.5454035067050104
481,-2.481055107627471,-2.363958761605228,-0.43261463489389296,-0.3834696831007403,1.0381206307621775,-0.020467014194309616
482,-1.2721114605328665,0.5098338503173371,-2.2389915080534717,1.672376455566452,-0.1176048763034459,-0.015479406245731336
483,-2.235156887940536,-1.29870449343444,-0.9014368587277957,0.43409410173165874,0.18292630486465117,-0.1634327082337216
484,-0.05618310449342939,-0.22738339316324852,-2.2555157306170632,2.710600338665751,0.8017851445780453,-0.9605685797442362
485,2.3173906061593548,4.389134334497,1.7784110762545013,0.9694156243585061,2.6453763656690996,1.5571174363517997
486,-2.2843312608059128,-2.466840756501624,-0.8211884848651478,-0.04080308340037056,1.092781371408543,-0.10101451063569171
487,4.754614870642362,-1.4894235606488377,-1.253751080211172,-0.05258699659167819,-0.09662492586022303,-0.355373551897105
488,-1.726310918032169,0.9981778344234697,-0.08023849598683612,1.0646470541419508,-1.4356177566057713,-0.8660552308428853
489,-0.7417817655443455,-2.452034962091922,-1.99770969082888,-0.45793898554433937,0.2612941565492985,3.2035555538154807
490,-2.8943106602249347,-0.9779443171217606,-0.8056441018763486,-1.7207790201182063,-0.02898186100608385,0.2119033014759702
491,-1.65452184584664,-4.555664122274447,0.752323036295309,1.648323009344705,1.403073090311228,-0.5534034103825146
492,3.1035197037501296,-1.236153211807749,1.2873550143618362,0.6086489524445126,-1.1222602067263585,0.9300498609805626
493,-4.064270598387158,-0.5609542235996786,2.1766846710266656,1.3758683277793706,0.1994638295275191,0.5647368548830256
494,-2.7933306571742,-1.0778881322991563,0.8445421352860574,-1.1102074393991541,0.004870374465042724,0.5656034476739095
495,-1.4749199372369968,-1.5910942004758177,0.31999153133303715,-0.7988321525257788,0.1580583733988823,-0.43806623151040475
496,-0.2293946367357852,1.5159034190393175,-2.2162829411432123,0.5555698013284169,0.251202507888885,-0.6025608058617968
497,-2.5532584069260897,-0.7639004833645374,-1.609402975398415,0.05992798429252323,0.5058464586948833,0.21379644971731052
498,3.715705103283445,-1.058686219881326,0.5219535299255534,1.397001672138185,0.36861405484276594,-1.1046100550040447
499,5.094841843707668,-2.0192078344886064,-0.7093697217031809,-0.082794987448945,0.3838167586938729,-1.447935565950958
500,-0.6006161130933374,-0.8384546618044334,-0.6870418844319086,1.1553339689453999,0.9824335991347156,-0.8532310994800166
501,2.790399829671335,3.3855607727950607,-0.7530763215812009,-1.3331817072975856,-1.5855309511855893,-0.5084168320292507
502,-1.4087712143235165,1.5057705923906373,-0.35389602086893374,1.1217406976469217,-1.8116700602298947,-0.24214497813486774
503,7.25917884039285,-5.49573572042733,1.910925819827598,1.8957166751668597,0.39637694593001827,0.0663907982785858
504,1.2988665487535642,7.729852801331833,-0.6889146668950741,2.892727368525928,-2.0153549317895476,-2.2028558491275834
505,1.076693276687601,8.294775451565982,0.43419263046987755,1.9541900482112726,-1.3958696123097134,-3.511878344885463
506,-1.2497605252303199,1.5956838533076947,-1.3564746688443654,0.1262672811555648,0.023419110848796467,-0.48514873238354295
507,-1.2569284055938341,4.11718668157969,-0.4127297365834499,1.0541734759948407,-1.139526900292815,-1.949042332896517
508,-1.1665352147341814,-1.6656937361793933,-0.7378780516726252,1.762166836414223,0.7383518140507732,-0.834709994630129
509,4.094142557657856,2.802927250582048,-0.5074333442749681,-1.9773184143246698,0.13282613923902278,-1.6035211293032654
510,-1.8876392412410838,1.6721917389343584,0.11979768925368245,1.2182150396917337,2.5680701119115565,0.25389178384490285
511,-2.767435703031285,-2.161048795493914,-0.02109621323546768,1.610275661411351,0.7163783376851839,0.03300943337278139
512,2.2269944891644586,1.941634758706179,-2.2856034881325704,-0.33986072020079555,-0.5368574487507175,-0.13682061155655972
513,-1.1315768912656756,-1.411001966858329,-0.5650532414600107,1.9949607956903659,0.5284863916728,0.07255765688225989
514,-0.7337724522999013,-1.943697183769591,-0.27523622125436575,-0.33782310886839795,0.6609910358716065,-0.7743052579605646
515,-2.333670736702715,0.7901466077420375,-0.35004336824543886,0.44085941251878497,-1.4225499097495127,0.046649600730261025
516,2.6972237545252513,-1.943709945241664,-0.960564426675712,0.45950871936163395,-0.5844981805518951,-0.491725783301368
517,3.379014667133439,-2.3334289463217126,-1.201932323775872,0.5536128902662153,0.5278795762884968,-1.0185721854486014
518,-0.19987057973457925,1.0763600041408803,-0.6731487771353605,0.6284457267543386,-0.8402495015012477,-1.2875024257986052
519,-1.1760259133205913,1.0113701775305581,-0.7117683679604369,1.066068606495382,-1.42190106531901,-0.26543964823272825
520,-1.292636539357232,4.964224701844348,0.3459270158269993,2.2405348135578222,-3.840530054090067,-0.5486175490261014
521,8.6307558597883,-3.4594519131011854,-0.17905666746271306,1.1771641444768457,-0.022903722838999302,-0.006690910397736556
522,-4.429456370437114,-0.7860360340477492,-0.4734189555847389,-0.6966169517668762,0.10380577593335012,0.09718090535308618
523,-0.6198387397790899,0.6363492720087992,-0.48885113516819906,-0.015154412238998818,-0.10640513580363714,-0.6007159861565328
524,-3.252315767909922,1.2859251631256887,-0.21847634895227003,0.3078083872569784,-0.0994275170357745,-1.4032000488646952
525,-3.352927052959221,2.6733005994807577,-1.7790869441924653,1.3895858801311671,-0.35443981681514625,-1.2112733719595046
526,-0.859802985180911,0.09684852503460294,-2.814044600818413,0.18432411911650548,-0.6300735778410408,-0.3650394271771774
527,-3.1566219679451084,-0.8715426217810305,-2.1957146223966273,1.449867714187945,0.4314374213860375,0.3260565394460981
528,0.3465281132306114,1.5412252761976348,2.846454012520985,1.9098115560462863,-0.5718344540628371,-1.6874951042020612
529,-2.461406650921929,0.6008479694224198,-1.1714651598609294,2.2110539761824075,-0.6919118535557589,-0.8526899502424002
530,-1.5301007210555753,0.40521779045648065,0.6044648533858908,-0.34717130493333026,-0.7860461823206263,-1.102131482059035
531,-1.7735850658188286,0.8042100131182977,-2.0279180224463316,-0.6873331319708139,-0.61609143764466,-0.2893275044696848
532,-2.680441623577429,-1.484708899372419,-1.7416933194385977,1.0234907490586052,0.2974695773629142,-0.1980780920668781
533,4.028435261375248,-2.941430097060914,1.6594854537532389,0.22516728859593815,-0.5135940462772005,1.9362227938109784
534,-2.1363512278463506,1.5185806409905682,0.1789654088699801,-0.5007767551431952,0.6830491026267871,-1.5516757466937934
535,5.165410948494951,-2.3822032309764727,-0.4222772187039701,0.8834275712889889,-0.20940776997577618,0.5792298654237187
536,0.5359319493776048,0.380715145226638,-0.44313478456744454,-1.8793719565997324,0.2268693117160399,-0.5238388953854216
537,0.3431233836050497,3.5344810539035545,0.06966892929173865,-1.5506703316882844,-1.9569193802040397,-2.3395176942688374
538,-4.197079986551515,2.36739228241641,1.3271446772191164,-2.0395038406490587,-1.7619172222367054,0.04242848766758656
539,-1.1428318637013344,5.599458473102234,1.30103720795553,-2.1882498096801304,0.7655767401649345,-1.1592256740214146
540,-1.6654751526526126,2.3896181263403466,1.502249561937718,0.8759512054195067,0.4845467878980197,-1.189518494944919
541,1.011712495476362,1.092389648977571,-0.6326984595738924,-1.7585184504279057,1.0468259405051805,0.4258952855821049
542,-1.300929712069895,-1.8214153021567598,0.3733074818922612,-1.8481690271501547,0.19962687585161276,0.7657546699140398
543,-2.3734287245619683,-1.6815762371658265,0.38452826477722346,-3.016728648930888,-0.038245739142449164,0.06881313142084451
544,-1.66587101158084,-0.2139627393279882,-0.1480724180286184,-0.1970516791556748,0.5564808136143683,-0.931581719821033
545,-1.9276781923766326,-1.137739915935327,0.47820230712888784,-1.1575004670621345,-0.20234192792987063,0.11489843891957452
546,-4.237216617870678,0.18427249714267624,-0.326418395787492,0.5883033521324298,-0.7046266310036946,-0.14609129385791503
547,-2.677870720606585,2.3157928237613694,-0.05384813654641753,0.34044941195952005,0.450648759843093,-0.6783466412790266
548,-3.836497851868445,0.49624992833608206,0.9232396696329883,-0.551871649142876,0.08003543414437808,-0.11266895400578665
549,-2.551440296011068,0.2283299574812759,1.414177945071004,-1.9707896093688602,-1.456325213938471,0.8555215917857014
550,-4.694923445842552,-0.7674779459116363,1.5439647012465176,-0.7790190992425773,-0.7848984484451567,0.8513737930318588
551,-2.0250371642606195,1.2612418998687283,0.5049261151444625,-1.1355276136918917,-0.11426297266784557,1.7847772853476125
552,-2.89594820540268,-1.4516357639884825,0.7805460321662783,-2.9704482798345824,-0.3571496970234718,-0.5832023156298923
553,-3.502201041382857,1.800832489920834,2.7664565236662075,-0.8663075794181438,-0.625366540658956,0.4122699688692729
554,-2.153903667464893,-0.8300688185506345,0.5647967094350909,-3.011755976410753,0.5658251539486889,-0.5504024323776887
555,-2.055084067741377,1.6164592688572905,1.8389595487393047,-3.113535108658961,0.21104320032672175,-1.641806046121553
556,-3.8772895797017077,1.084254743752886,1.8599438953131886,-0.43373984468283444,-1.6874395358246783,-0.8148927180506418
557,-4.063862115545848,0.12216843313203464,3.2387724530764435,-3.4691827965251005,-2.241909915210263,0.17490847375751403
558,-0.0986673323326264,-0.2135598373305503,0.3889295250559472,-1.0127104463607473,2.9890685303739706,0.012452082457298338
559,-1.0893761893921419,1.2928478999424462,1.429379025808224,-3.3721363013961807,0.9473429990937623,-1.725870589683908
560,-0.4817709650364685,-0.17801969167332246,1.0321075360520078,-2.010280182474977,0.32710278190359326,-0.9920622588816702
561,-4.870309517970328,-2.1311061068687476,3.4141888063452823,-5.133988163324661,-0.4889206308238313,-1.1107932193794576
562,5.917612587694947,3.482636654609808,-3.262791936498393,-3.9175856367418085,1.7163788510530407,1.013598666464917
563,8.741338077159414,-0.57385467265215,0.8970899853725705,0.38515019020294805,0.6790431465379604,-0.3007526897974047
564,6.439315484144834,-3.5768174434970255,2.4594866458001463,1.177314036106898,-0.0748240523147128,-2.3751936910836426
565,3.793382370367865,-3.5840478630617283,2.0884764886159433,-2.506027755660395,-0.5107218970568194,-0.24671057134941426
566,1.2561792757594488,-1.9022967141058387,0.5627304541629043,-2.089227134786873,1.809990484919676,-0.534446823888479
567,10.374794059087431,1.6720101035297306,-1.8770295056544157,-2.3560309852887187,-0.03374341735949392,0.5679360642505582
568,-5.475243302400937,-0.6706367902757163,1.4904430848008945,-2.2991569161089243,-0.18470298221325024,1.6178365988666623
